{
    "narrator": -0.4347763347763347,
    "doctor": -0.6666666666666666,
    "medical_prof": -0.6666666666666666,
    "food": -0.767094017094017,
    "ED": -0.6363636363636364,
    "reader": 0.2829861111111111,
    "family": -0.3104166666666667,
    "ex_SO": -0.875,
    "friend": 1.0
}