{
    "narrator": -0.030303030303030297,
    "food": 0.25,
    "reader": -0.07272727272727274,
    "family": -0.36111111111111116,
    "therapist": 1.0,
    "medical_prof": 1.0,
    "ED": 1.0,
    "doctor": 1.0,
    "friend": 0.0,
    "ex_SO": 1.0
}