{
    "narrator": 0.023140495867768594,
    "food": 0.1111111111111111,
    "reader": 0.031565656565656575,
    "family": -0.18333333333333335,
    "therapist": 0.75,
    "medical_prof": 0.6666666666666666,
    "ED": 1.0,
    "doctor": 0.5,
    "friend": 0.0,
    "ex_SO": 0.5
}