{
    "narrator": -0.38042929292929295,
    "reader": 0.2263888888888889,
    "doctor": -0.4,
    "medical_prof": -0.2857142857142857,
    "food": -0.7123015873015872,
    "ED": -0.6363636363636364,
    "family": -0.24833333333333335,
    "ex_SO": -0.875,
    "therapist": 0.0,
    "friend": 1.0
}