{
    "food": -0.6712775416216712,
    "therapist": -0.07971014492753623,
    "medical_prof": -0.07475845410628021,
    "narrator": -0.3276479319249211,
    "reader": 0.5170297983851355,
    "ex_SO": -0.6467013888888888,
    "SO_female": 0.19230769230769232,
    "SO_any": 0.025252525252525245,
    "friend": 0.12698412698412695,
    "family": 0.160519832471052,
    "SO_male": -0.09722222222222225,
    "ED": -0.7929047619047619,
    "doctor": -0.04100529100529101,
    "SO_neutral": 0.05555555555555555,
    "nurse": -0.4375
}