{
    "food": 0.23001700680272105,
    "therapist": 0.5444444444444444,
    "medical_prof": 0.3266025641025641,
    "reader": 0.14407542170473206,
    "narrator": 0.12857820337060957,
    "ex_SO": 0.45098039215686275,
    "SO_female": -0.041666666666666664,
    "SO_any": 0.14215686274509803,
    "friend": 0.06497175141242938,
    "family": 0.43215673215673217,
    "SO_male": 0.25,
    "ED": 0.4825396825396826,
    "doctor": 0.23294723294723294,
    "SO_neutral": 0.2777777777777778,
    "nurse": 1.0
}