{
    "food": 0.5535714285714286,
    "therapist": 0.6555555555555554,
    "medical_prof": 0.3516483516483516,
    "reader": 0.19535938199731304,
    "narrator": 0.29337027914614117,
    "ex_SO": 0.5294117647058824,
    "SO_female": -0.08333333333333333,
    "SO_any": 0.0980392156862745,
    "friend": 0.019774011299435026,
    "family": 0.5151753008895866,
    "SO_male": 0.21428571428571427,
    "ED": 0.625,
    "doctor": 0.26898326898326896,
    "SO_neutral": 0.2222222222222222,
    "nurse": 1.0
}