{
    "food": -0.6352703171668689,
    "therapist": -0.050925925925925916,
    "medical_prof": -0.050080906148867316,
    "narrator": -0.29729738665187583,
    "reader": 0.46015652056277057,
    "ED": -0.7575523202911738,
    "ex_SO": -0.5695718654434251,
    "SO_female": 0.17857142857142858,
    "SO_any": 0.01851851851851851,
    "friend": 0.09195402298850573,
    "family": 0.11347091605712296,
    "SO_male": -0.06862745098039218,
    "doctor": -0.028831845238095233,
    "SO_neutral": 0.03333333333333333,
    "nurse": -0.35
}