{
    "SO_neutral": 0.20483809523809526,
    "SO_any": 0.2690040963329677,
    "doctor": 0.43539603960396034,
    "medical_prof": 0.4510267069790879,
    "ex_SO": 0.31706487956487955,
    "narrator": 0.1534856881418486,
    "reader": 0.09918869056445141,
    "food": 0.29879771695809426,
    "SO_male": 0.30297123928702874,
    "friend": 0.3782163184476451,
    "family": 0.31197887570061145,
    "ED": 0.5703397212543554,
    "therapist": 0.44946676587301587,
    "SO_female": -0.023809523809523798,
    "nurse": 0.4537037037037038
}