{
    "SO_neutral": 0.24588888888888888,
    "SO_any": 0.31455303263361745,
    "doctor": 0.5445544554455446,
    "medical_prof": 0.5606785924246241,
    "ex_SO": 0.42751068376068374,
    "narrator": 0.3629229772138082,
    "reader": 0.11111034971579191,
    "food": 0.5694968553459119,
    "SO_male": 0.3524158072319837,
    "friend": 0.4442824438988121,
    "family": 0.3812490076244401,
    "ED": 0.7089430894308943,
    "therapist": 0.5349626068376069,
    "SO_female": -0.055555555555555546,
    "nurse": 0.5
}