{
    "narrator": -0.3359303564778018,
    "doctor": -0.22749999999999998,
    "medical_prof": -0.1678952380952381,
    "SO_neutral": -0.10515063168124392,
    "SO_any": 0.08390896708399044,
    "ex_SO": -0.5729893953214111,
    "friend": -0.18598945623489804,
    "food": -0.6226817596871554,
    "SO_male": 0.1628265551246495,
    "reader": 0.3725696347406874,
    "ED": -0.5422532151546751,
    "family": -0.03748559796229676,
    "therapist": -0.12698412698412698,
    "nurse": -0.06944444444444443,
    "SO_female": -0.23015873015873015
}