{
    "SO_neutral": -0.08050595238095239,
    "SO_any": 0.06817603575574224,
    "narrator": -0.3047844956123102,
    "doctor": -0.19057591623036652,
    "medical_prof": -0.1271933621933622,
    "ex_SO": -0.5122484700223217,
    "friend": -0.1525310355365566,
    "food": -0.5887943169830925,
    "reader": 0.32058317407919606,
    "SO_male": 0.1349134313889953,
    "family": -0.03169428367036888,
    "ED": -0.526870145221209,
    "therapist": -0.0761904761904762,
    "nurse": -0.05208333333333333,
    "SO_female": -0.17261904761904762
}