{
    "narrator": 0.32142857142857145,
    "ED": 0.9393939393939393,
    "reader": 0.16585365853658537,
    "family": 0.4487179487179488,
    "food": 0.7272727272727273,
    "doctor": 1.0,
    "medical_prof": 1.0,
    "therapist": 1.0,
    "friend": 1.0,
    "ex_SO": 1.0,
    "SO_male": 1.0,
    "SO_any": 0.0,
    "SO_female": -1.0
}