{
    "narrator": -0.24249120588406306,
    "ED": -0.47222222222222227,
    "food": -0.6370218579234973,
    "reader": 0.2095791245791246,
    "family": 0.009803921568627456,
    "ex_SO": -0.5,
    "therapist": 0.0,
    "medical_prof": -0.42857142857142855,
    "friend": -0.16666666666666666,
    "doctor": -0.6,
    "SO_male": -1.0,
    "SO_any": -0.3333333333333333,
    "SO_female": 0.0
}