{
    "narrator": -0.2790309766337164,
    "ED": -0.4869791666666667,
    "food": -0.6699712643678161,
    "reader": 0.2619739057239057,
    "family": 0.011111111111111101,
    "ex_SO": -0.7222222222222222,
    "doctor": -1.0,
    "medical_prof": -1.0,
    "friend": -0.3333333333333333,
    "SO_male": -1.0,
    "SO_any": -1.0
}