{
    "narrator": 0.14085557299843013,
    "ED": 0.8160173160173159,
    "reader": 0.1351071692535107,
    "family": 0.4230769230769231,
    "food": 0.3181818181818182,
    "doctor": 1.0,
    "medical_prof": 1.0,
    "therapist": 1.0,
    "friend": 1.0,
    "ex_SO": 1.0,
    "SO_male": 1.0,
    "SO_any": 0.0,
    "SO_female": -1.0
}