{
    "friend": 0.0013715084880238173,
    "narrator": -0.2406709245938137,
    "ex_SO": -0.3325746112344462,
    "food": -0.5181549422799423,
    "reader": 0.3698057929351182,
    "doctor": 0.0908346134152586,
    "medical_prof": 0.021314254178492587,
    "ED": -0.38733333333333336,
    "family": -0.011081386611340522,
    "nurse": -0.07894736842105263,
    "therapist": -0.018125,
    "SO_male": 0.35289351851851847,
    "SO_any": 0.24446752235865993,
    "SO_female": 0.2127794977640179,
    "SO_neutral": 0.11189559610075914
}