{
    "friend": 0.28968125624375624,
    "narrator": 0.30890945527951463,
    "ex_SO": 0.4388662609434227,
    "food": 0.30916190476190475,
    "reader": 0.24335600143223104,
    "doctor": 0.5074189095928225,
    "medical_prof": 0.5042087542087542,
    "ED": 0.5588446311281625,
    "family": 0.393624964778811,
    "therapist": 0.6637681159420289,
    "SO_male": 0.2723646723646724,
    "SO_any": 0.37376074218179484,
    "SO_female": 0.4654506860098966,
    "SO_neutral": 0.6022935084965161,
    "nurse": 0.0
}