{
    "narrator": 0.3451265592278977,
    "family": 0.507783189033189,
    "ED": 0.6363636363636364,
    "reader": 0.1671949630916196,
    "friend": 0.3768856447688565,
    "SO_male": 0.4166666666666667,
    "SO_any": 0.3162393162393163,
    "ex_SO": 0.525,
    "doctor": 0.4807692307692308,
    "medical_prof": 0.47126436781609193,
    "SO_neutral": 0.5,
    "food": 0.7849462365591398,
    "SO_female": -0.21794871794871792,
    "therapist": 0.375,
    "nurse": 1.0
}