{
    "narrator": -0.3035578637304278,
    "family": 0.09831149676282418,
    "ED": -0.7666666666666667,
    "reader": 0.4194882134100516,
    "friend": 0.014249999999999999,
    "ex_SO": -0.5392628205128205,
    "food": -0.6670634738341517,
    "SO_male": 0.14345991561181434,
    "SO_any": 0.12554517133956386,
    "doctor": -0.144702842377261,
    "medical_prof": -0.12562893081761006,
    "SO_female": 0.25555555555555554,
    "SO_neutral": -0.25,
    "therapist": -0.1337719298245614,
    "nurse": 0.3
}