{
    "family": 0.13771734463883226,
    "ED": -0.7873253493013973,
    "reader": 0.4959831229142375,
    "narrator": -0.337748065224276,
    "friend": 0.020955882352941175,
    "ex_SO": -0.6096014492753623,
    "food": -0.7039902018499706,
    "doctor": -0.22489959839357432,
    "medical_prof": -0.20645994832041342,
    "SO_male": 0.2833333333333333,
    "SO_any": 0.22021857923497268,
    "nurse": 0.3333333333333333,
    "SO_female": 0.3538461538461538,
    "SO_neutral": -0.3125,
    "therapist": -0.2747747747747748
}