{
    "narrator": 0.14856274753502285,
    "family": 0.4235856946084219,
    "ED": 0.5078787878787879,
    "reader": 0.11441998428880529,
    "friend": 0.33807785888077857,
    "SO_male": 0.36666666666666664,
    "SO_any": 0.2764957264957265,
    "ex_SO": 0.41875,
    "doctor": 0.4423076923076923,
    "medical_prof": 0.425287356321839,
    "SO_neutral": 0.5,
    "food": 0.46014667653661967,
    "SO_female": -0.22564102564102562,
    "therapist": 0.33333333333333337,
    "nurse": 1.0
}