{
    "friend": -0.08981302385557703,
    "narrator": -0.26913105458210806,
    "food": -0.602141896397771,
    "ex_SO": -0.44233333333333336,
    "reader": 0.43686125638387485,
    "doctor": 0.11434108527131784,
    "medical_prof": 0.0036496350364963502,
    "ED": -0.5181933842239185,
    "family": -1.1810883240693154e-18,
    "nurse": -0.15625,
    "therapist": -0.1527777777777778,
    "SO_female": 0.10714285714285714,
    "SO_any": 0.2569444444444444,
    "SO_male": 0.4133333333333333,
    "SO_neutral": 0.2
}