{
    "friend": -0.12060606060606062,
    "narrator": -0.30543074723010355,
    "food": -0.6353177584582543,
    "ex_SO": -0.4860805860805861,
    "reader": 0.4969453260297946,
    "doctor": 0.17878787878787877,
    "medical_prof": 0.006097560975609756,
    "ED": -0.5656944444444445,
    "family": -3.1273888017610044e-18,
    "therapist": -0.4230769230769231,
    "SO_male": 0.5166666666666666,
    "SO_any": 0.3737373737373737,
    "nurse": -0.19230769230769232,
    "SO_neutral": 0.3333333333333333,
    "SO_female": 0.1875
}