{
    "friend": 0.3371212121212121,
    "narrator": 0.14560350878496775,
    "reader": 0.1676845551419294,
    "doctor": 0.5588235294117647,
    "medical_prof": 0.478310502283105,
    "food": 0.34793735676088616,
    "ex_SO": 0.4191489361702128,
    "ED": 0.5697674418604651,
    "family": 0.34226666666666666,
    "therapist": 0.5833333333333334,
    "SO_male": 0.5,
    "SO_any": 0.5904761904761904,
    "SO_neutral": 0.9583333333333333,
    "SO_female": 0.5555555555555556
}