{
    "friend": 0.3441666666666666,
    "narrator": 0.3348527935764469,
    "reader": 0.21216592049925384,
    "doctor": 0.5784313725490197,
    "medical_prof": 0.5136986301369864,
    "food": 0.5490196078431373,
    "ex_SO": 0.5,
    "ED": 0.6046511627906976,
    "family": 0.4126666666666666,
    "therapist": 0.6111111111111112,
    "SO_male": 0.525,
    "SO_any": 0.6428571428571429,
    "SO_neutral": 1.0,
    "SO_female": 0.6666666666666666
}