{
    "food": -0.6104341256228049,
    "therapist": -0.03245614035087717,
    "medical_prof": -0.0014989177489177538,
    "narrator": -0.29385728838246833,
    "reader": 0.46245261786306563,
    "ED": -0.6879964238659891,
    "ex_SO": -0.5275593775593775,
    "family": 0.11232827299534592,
    "SO_female": 0.09278549952462996,
    "SO_any": -0.026894311210221126,
    "friend": 0.1281708015992262,
    "SO_male": -0.14874065328610783,
    "doctor": -0.004621362433862439,
    "SO_neutral": 0.053032557720057716,
    "nurse": -0.16666666666666666
}