{
    "food": 0.21036235369568704,
    "therapist": 0.49537037037037035,
    "medical_prof": 0.3194010416666667,
    "reader": 0.13863505747126437,
    "narrator": 0.13558560506486933,
    "ex_SO": 0.41482213438735177,
    "family": 0.3854571149069643,
    "SO_female": 0.08507997850103113,
    "SO_any": 0.13433326897760767,
    "friend": 0.19868188788479837,
    "SO_male": 0.09167896811574971,
    "ED": 0.49225666806311963,
    "doctor": 0.2942546583850931,
    "SO_neutral": 0.32926934176934175,
    "nurse": 0.7777777777777777
}