{
    "food": -0.6444822441834395,
    "therapist": -0.04933333333333333,
    "medical_prof": -0.0021138583638583477,
    "narrator": -0.32111554363966566,
    "reader": 0.5192903697791966,
    "ex_SO": -0.5915059687786961,
    "family": 0.14249049444779993,
    "SO_female": 0.09766894686803153,
    "SO_any": -0.0300583478231883,
    "friend": 0.15238084190130224,
    "SO_male": -0.1636147186147186,
    "ED": -0.7239700930877402,
    "doctor": -0.006398809523809527,
    "SO_neutral": 0.06527084027084026,
    "nurse": -0.2037037037037037
}