{
    "food": 0.562962962962963,
    "therapist": 0.6574074074074073,
    "medical_prof": 0.3538092983405483,
    "reader": 0.18884510125889437,
    "narrator": 0.30602352494782775,
    "ex_SO": 0.5706521739130435,
    "family": 0.5083304122777808,
    "SO_female": 0.11337814232551074,
    "SO_any": 0.1717622763391071,
    "friend": 0.2353265885053044,
    "SO_male": 0.13850308641975306,
    "ED": 0.7029569892473119,
    "doctor": 0.3067491687056904,
    "SO_neutral": 0.3639409609997845,
    "nurse": 1.0
}