{
    "narrator": -0.23970584635762568,
    "SO_female": 0.11754992319508444,
    "SO_any": 0.16659042475014696,
    "friend": 0.05499085462551859,
    "food": -0.5328276092280242,
    "SO_male": 0.24291383219954646,
    "family": 0.05415648055382482,
    "reader": 0.2712234049930415,
    "ex_SO": -0.3991496598639455,
    "SO_neutral": -0.07426739926739928,
    "doctor": -0.17235092235092236,
    "medical_prof": -0.12775416502689232,
    "ED": -0.38325617283950614,
    "therapist": -0.12227249874308699,
    "nurse": -0.16666666666666669
}