{
    "narrator": 0.33944776556776557,
    "SO_female": 0.03194444444444444,
    "SO_any": 0.36091466289486096,
    "friend": 0.3647755978125335,
    "SO_neutral": 0.4654761904761905,
    "ex_SO": 0.41404761904761905,
    "doctor": 0.2755555555555555,
    "medical_prof": 0.3574074074074074,
    "SO_male": 0.382161753590325,
    "family": 0.4137736150328114,
    "food": 0.34624413145539906,
    "reader": 0.14579338246693618,
    "ED": 0.5444444444444444,
    "therapist": 0.40367965367965364,
    "nurse": 0.6
}