{
    "food": 0.28947854692439534,
    "therapist": 0.35938023382713646,
    "medical_prof": 0.4073139251736636,
    "reader": 0.1279808631682408,
    "narrator": 0.14636359642969796,
    "ex_SO": 0.4060042401255577,
    "family": 0.3468351987890712,
    "SO_female": 0.10640138296770607,
    "SO_any": 0.281979927418841,
    "friend": 0.29871446677150715,
    "SO_male": 0.3236707627999966,
    "ED": 0.5427226013700515,
    "doctor": 0.4311601947512172,
    "SO_neutral": 0.3016042447890274,
    "nurse": 0.5135135135135135
}