{
    "food": -0.623483045868318,
    "therapist": -0.10910496150222178,
    "medical_prof": -0.10275551303708298,
    "narrator": -0.31765096594034364,
    "reader": 0.41678801433557333,
    "ex_SO": -0.538637069994903,
    "family": 0.08312830426388769,
    "SO_female": 0.14084488648940835,
    "SO_any": 0.14330361611159284,
    "friend": -0.004127044782435677,
    "SO_male": 0.19719242140937948,
    "ED": -0.5815544641776332,
    "doctor": -0.1278936925647452,
    "SO_neutral": -0.028685345743550514,
    "nurse": -0.04411764705882351
}