{
    "narrator": -0.2585892637131178,
    "family": 0.09251805339980636,
    "ED": -0.7283156237701692,
    "reader": 0.39198799975211346,
    "friend": 0.0063150964305620245,
    "ex_SO": -0.4920793832407105,
    "food": -0.6168337173579109,
    "SO_male": 0.12027288039398765,
    "SO_any": 0.11784053121603359,
    "therapist": -0.10281124497991966,
    "medical_prof": -0.0828541162227603,
    "nurse": 0.23333333333333334,
    "doctor": -0.10258620689655173,
    "SO_female": 0.2184442117866031,
    "SO_neutral": -0.07142857142857142
}