{
    "narrator": 0.3112650188933237,
    "family": 0.41387729090678366,
    "ED": 0.55,
    "reader": 0.18641774891774893,
    "friend": 0.4307201177742009,
    "SO_male": 0.45659293704602444,
    "SO_any": 0.3694863389887477,
    "food": 0.45508658008658015,
    "therapist": 0.42140522875816994,
    "medical_prof": 0.4634024577572965,
    "SO_female": 0.0713325712366633,
    "ex_SO": 0.33969102792632205,
    "doctor": 0.396412037037037,
    "SO_neutral": 0.29330065359477125,
    "nurse": 1.0
}