{
    "friend": 1.0,
    "family": 0.7083333333333334,
    "reader": -0.3541666666666667,
    "narrator": 0.1,
    "therapist": 1.0,
    "medical_prof": 1.0,
    "SO_neutral": 1.0,
    "SO_any": 1.0,
    "ex_SO": 1.0,
    "doctor": 1.0,
    "SO_female": 1.0,
    "food": 1.0,
    "ED": 0.5,
    "SO_male": 1.0
}