{
    "friend": 0.1111111111111111,
    "narrator": -0.3514069264069264,
    "food": -0.6844444444444444,
    "family": 0.5357142857142857,
    "reader": -0.22727272727272727,
    "ED": -0.6363636363636364,
    "doctor": -0.3333333333333333,
    "medical_prof": -0.2,
    "therapist": 0.0,
    "SO_neutral": 0.0,
    "SO_any": 0.16666666666666666,
    "ex_SO": -0.3333333333333333,
    "SO_female": 1.0,
    "SO_male": 0.0
}