{
    "food": -0.7897435897435897,
    "family": 0.625,
    "narrator": -0.3919538794538795,
    "reader": -0.25,
    "ED": -0.6363636363636364,
    "doctor": -0.3333333333333333,
    "medical_prof": -0.3333333333333333,
    "SO_female": 1.0,
    "SO_any": 0.5,
    "friend": 0.3333333333333333,
    "ex_SO": -0.6666666666666666
}