{"lack": 0.13335527493756333, "fairness": 0.13677139342087105, "go": 1.1734901909898952, "creative": 0.5985600374996937, "hate": -3.0718645335386676, "apartment": -0.05530611845013456, "burnout": 0.6256856328339142, "father": -0.823634807920247, "finally": 0.057530272535511864, "sorry": -0.7187388326780739, "advantage": 0.18062619947525813, "fat": -0.10953007654270551, "every": -0.6963447531374231, "drinking": -0.5450553017953349, "entire": 0.6436117210858191, "school": -0.4590789143844719, "heaven": -0.5218294441048319, "brother": -0.6691121425717752, "try": 0.8662183695230693, "dealt": 0.9149362714489401, "clothes": -0.8084341479901843, "force": 0.945142936193693, "battle": 0.29479673824249636, "even": -0.20609760913124248, "sun": -0.8100469570259792, "section": -0.7339799499304983, "new": -2.021150945514279, "ever": -0.5723425827659095, "body": 0.5937133443477534, "loose": 0.20620254932252005, "let": 0.9038238520076042, "others": 1.1030045643269055, "strong": 0.3340248936933469, "great": 0.21320804057608453, "healthy": 0.8488380001857733, "drs": -0.7642299308836517, "guilty": 0.6760708674285508, "credit": -0.7796299237306037, "amount": 0.5014915923774582, "usually": 0.1512866004196077, "punishment": -0.6503482680050746, "love": 1.0981873718277708, "family": 0.9555883082280222, "win": -0.3234947520547565, "grade": -0.6475361338585024, "put": 0.07239560403223097, "eye": 1.6218090269552379, "would": -0.7906389495837556, "hospital": -0.564052379086484, "two": -0.8136852412160491, "live": -0.5223250111214507, "tell": -2.021150945514279, "today": -0.7959143540487261, "adult": 0.8594761170824601, "topic": 0.10000856583657336, "car": -0.27896116657988884, "work": 0.9854844766458905, "obvious": -0.7334787709066907, "thin": 0.1782345932803238, "example": -0.06610425002835825, "give": -0.9127968563655996, "share": 1.4615701045539158, "high": -0.7631707551082313, "something": 1.0692360173368378, "want": 0.3278877680960153, "information": -0.9128635507797708, "end": -0.5132504373045816, "recovery": 3.812210654716714, "toxic": -0.2782781923687309, "beach": 0.9193920175755051, "mess": -0.7746243483842145, "advice": -0.04465270884637337, "abuse": 0.5527941108492582, "tomato": -0.8197981825032863, "imagery": -0.7204454371529462, "conscious": 1.1456428224594362, "subreddits": 0.9884642706032611, "appreciate": 1.0937058820144199, "corona": -0.317288989936204, "ibiza": 0.8092502555090658, "dread": -0.8445890091837176, "allow": 0.40414125290555086, "things": -0.6116552578393218, "talk": -0.6232102776638695, "help": 1.1782199394528188, "course": 0.198050052008356, "still": 1.0476922871843353, "trouble": 1.2583865937849628, "perfect": -0.8722591867321337, "group": 1.1708862530844801, "thank": -0.7858020673649343, "somewhere": 1.2699383125263368, "actually": 0.7540743775237454, "platform": -0.2838983890560064, "lt": -0.8080114670940427, "holiday": -0.29242482731182845, "might": -2.021150945514279, "good": 0.6401430292247512, "food": 0.328027918088468, "safe": -0.05257875914423336, "introduce": -2.021150945514279, "break": 0.16266374968977004, "mention": 0.49354355760563856, "kid": 0.428603142421721, "half": 0.20869896248353142, "one": 0.19850512514470897, "bullshit": -0.8248787752402043, "name": -0.8196466739552486, "always": 0.5893496934772513, "em": -0.5400663102034663, "everyone": -0.7932971708919854, "weight": 0.8240547116536234, "hard": 0.7656309221370448, "idea": -2.021150945514279, "related": -0.6736351072676029, "year": 0.4586367119033842, "really": 0.9634959957057361, "leave": -0.08516029281133905, "gon": 0.7658634340933544, "since": -0.16422324307772518, "may": 0.3204211170817687, "health": 0.7002119618838062, "cause": 0.3293661888902988, "shit": 0.1657354488805162, "little": -2.021150945514279, "free": 1.1520254499392903, "reason": 1.1193343577982533, "struggle": 0.9568001221223695, "ask": -0.7794648952698553, "care": -0.8022347302775493, "flare": -0.7020890866645086, "could": 1.4378627482631356, "running": 0.6081214590557662, "covid": -0.7661444015482549, "keep": 0.1613855119573006, "thing": -0.7770182865481281, "place": 1.3148144956007835, "think": -2.021150945514279, "first": -0.7396110628635821, "already": 0.6934768605392562, "feel": 0.8217965871206686, "hearing": -0.0972590849785226, "rant": -5.150734606434293, "specifically": 0.3583726787342165, "delicious": 0.43331097913866523, "tomorrow": 0.6222146777827846, "guess": -0.0873333515544614, "introduction": -0.9209808206471054, "euphoric": -0.3284254592627032, "realistically": 0.42528415863735736, "anyone": -0.8530855469851378, "wonderful": 0.6078123371654695, "perfectly": 0.5570635833804205, "lot": 0.9128165417399157, "mostly": -0.7675476476923078, "kind": 0.09567970621890967, "unfortunately": 1.1683263694266377, "guilt": -4.4506844634910205, "bisexual": -0.8215635193992521, "say": -0.24875686731881286, "substantial": 0.41010884005090176, "ans": 0.7226912712562453, "need": 1.5549235634208012, "seek": 1.1502750746358117, "clearly": -0.816814435526507, "afraid": 1.5170912156838554, "relapse": -3.5246387132521813, "able": 0.8175154858362619, "aside": -0.3490865221917933, "also": 0.566990136954769, "take": -0.1641979525163061, "finding": 0.8653187969866412, "normal": 0.7026340734079153, "track": 1.4036306514446777, "reach": 1.4440719559626405, "plan": -0.8207914255456337, "significant": 0.4357293903453209, "panic": -0.8176745403434136, "responder": -0.7522091698148635, "fact": 0.6802836626547161, "sexist": -0.20253556345336707, "subreddit": -0.8665324706593774, "participate": -0.9127409359363976, "find": 0.919298489455871, "grotesque": 0.6571537086749338, "enough": 0.4793602694447005, "hope": -0.4393756098520529, "dodge": -0.8197235594654785, "get": 1.067989296096026, "stop": 0.937882407095632, "despite": -0.8069543662854854, "officially": -0.7609252475148659, "bad": 1.0672794454324883, "though": 1.334296815904047, "view": -0.19141694824946068, "artsy": -0.7475334142016005, "see": -0.41786885937963064, "dumb": -0.1519873681748933, "please": 1.5510897673822854, "outside": -0.4099213243900593, "unable": -0.7591487899554875, "various": 0.39063053387546104, "hopefully": 1.4883961123562743, "mum": -0.7452530485893877, "reddit": -0.021133590031035456, "recently": -0.7136888020502724, "restricting": 0.7057170307961499, "job": -0.673381591492914, "extent": 0.08963587274893778, "come": 0.19055611592245933, "accident": 0.724328689055941, "many": 0.9929533465004667, "taking": 0.6114589829785237, "etc": 0.3892556492375079, "whole": -0.29957771526563876, "among": 0.8244979330590096, "community": -2.021150945514279, "walk": 0.8722788398206432, "poll": -0.44891672108317765, "runaway": -0.8343452887772458, "binge": 0.5125019579856308, "three": 0.39350177513698426, "quickly": 0.7058011499084863, "much": -0.5194267747466692, "wowzers": 0.25590588791843016, "interest": -0.49412730214448874, "life": 1.320174409186791, "drugs": -0.8043648197964552, "psychotherapist": -0.8423659569906043, "else": -0.2832771978816064, "whatever": -0.5375448874725439, "understand": 1.1866659478589436, "safespace": 1.1343504869258625, "personally": -0.3290237079368794, "look": 0.8494738963421841, "bikini": -0.07902887387611686, "fun": -2.021150945514279, "middle": -0.14556371867214052, "someone": -0.5068856034406934, "im": -0.6143737108387906, "ready": 1.611102132572498, "technology": 0.269697542323082, "worry": 0.0709538461089807, "different": 0.7868303491948169, "saw": -0.7128359301292843, "make": 0.912620603405404, "split": -0.8377029652455176, "week": 0.2503422286980662, "overweight": -0.7229236950643082, "yesterday": -0.8306623516835114, "moment": -0.773337101271674, "cucumber": 0.03906753949890865, "cycle": 0.6227033688516685, "well": 1.6168946237418298, "thought": -0.14101101451849937, "person": 1.4298121680668727, "severe": -0.5322618785016435, "without": 1.0385477645718442, "mother": 1.3514889759018012, "darn": 1.4090381868687125, "vent": -0.5976563046351753, "money": -0.761819232335396, "inactive": -0.6572623911922955,