{"focus": 0.05148419951746957, "month": -0.4651080626814109, "go": 0.24305209769686068, "meditation": 0.20444340460376728, "row": 0.5223522578512033, "disorders": 0.14468718251100932, "tw": -0.24732364731189108, "obssseove": 0.7427340856330487, "stable": 0.29421122978709807, "health": 0.20964221588481893, "sorry": 0.26102576479189893, "pride": -0.3979474601542504, "friendly": 0.07020384416921004, "woman": 0.3677671609512936, "risk": 0.14421129440741062, "far": -0.07750142182543776, "fat": 0.1315356541432107, "choice": -2.2056312276689485, "anonymous": 0.152791391842646, "telling": -2.5425939643374185, "affect": 0.20272906229733312, "condition": 0.29122696686913135, "gender": 0.6294839593277791, "list": 0.6130971311740866, "try": 0.22439324802718738, "race": 0.22141147027536537, "guy": 0.1353927901590363, "pretend": 0.6713210918484313, "disordered": 0.28414560351348384, "ten": 0.16940232656342055, "discover": 0.34321593180710835, "past": -0.404843366467832, "battle": 0.17107234762421936, "design": 0.8539437116649964, "voucher": 0.1351169705292845, "helpless": 0.029056400121126903, "appetite": 0.07554968710839095, "even": 0.16047874497281675, "sub": 0.11747053574672599, "new": 0.24463667062901262, "tips": -0.12394323083557611, "method": 0.29535550207991174, "exercise": 0.21418757801346883, "body": -0.17171010813071239, "full": -0.018363780104859097, "bulimic": 0.2388940456075838, "bulimia": -0.5909243459948508, "men": 0.5867007044123835, "others": 0.020123775883239742, "alone": -0.03494927143638963, "teacher": 0.20022299191002849, "change": 0.2186350771861728, "ahead": 0.6332923478287228, "healthy": 0.014384885747648134, "bingeing": 0.18716988379680186, "study": 0.32214410968362567, "experience": 0.12245779768952227, "leaving": -2.919004650452075, "amount": 0.2634510021708389, "survey": 0.7263415380846581, "smoke": -2.839698399591825, "pick": 0.23269155880134906, "weird": 0.22569960335238667, "options": 0.17986972193890097, "love": -0.024357832275917982, "family": 0.2618186340999369, "win": 0.19812704343448734, "app": -0.1541266918785972, "highly": 0.2112496882212145, "carb": 0.14985390742200136, "cocaine": -2.205397625658406, "unit": 0.028571639702127383, "use": -0.14663386765005176, "would": -0.03124856923469743, "positive": -0.1341960380961268, "hospital": -2.877016965596876, "two": -0.02028115449402182, "next": 0.2034506271629336, "live": 0.07462277921470546, "doubt": 0.250418637538558, "call": 0.001723351547578389, "therefore": -2.3518543314287848, "tell": -0.0071851524614410375, "today": -0.11799420642563893, "afford": 0.07489430811486306, "rationing": -0.3586445589968322, "infection": 0.3093605169057187, "fuck": 0.22820504785030143, "ashamed": -0.018594665896205082, "throw": -2.0636819652613823, "join": 0.6128959475704021, "hour": -0.19629166281280544, "car": 0.1680943881060205, "work": -0.11364773703338607, "purge": 0.0840796965870745, "didnt": 0.03308358165544136, "def": -0.03196503797843792, "control": 0.1625196860785803, "crazy": 0.14438435720044426, "challenging": 0.3387565894047831, "give": -0.012598281710544775, "process": 0.7055311874326372, "share": 0.06108249421773444, "scad": 0.8834432992920281, "accept": 0.5039449390231714, "something": -0.3175227809831504, "want": 0.21423920097989332, "sense": -0.03825286104257297, "honest": -2.555348231062994, "absolute": 0.08160817294477597, "huge": 0.03048872136503752, "recovery": 2.6892716850218745, "awkward": 0.3060048040602599, "turn": 0.17846005287643074, "discussion": 0.06871903227610371, "occasionally": -0.038510789103641044, "ulceras": 0.07445872605962695, "greatly": 0.12322320077677802, "badly": 0.12823995366261745, "mat": 0.09271206856151469, "mess": 0.1983934427826378, "coworker": 0.28449433974035926, "advice": 0.12791572042063448, "abuse": -0.48340879773229833, "data": 0.7627990606770295, "types": 0.14488974041945715, "stress": -0.09509286263263, "short": -0.02166702396719562, "neck": 0.26482103500995374, "maybe": -0.5475216676670666, "appreciate": 0.028716248769886023, "childhood": 0.10911718967119141, "switch": 0.08514196007475713, "honestly": -0.2021667777759129, "allow": 0.20662458844119413, "swollen": 0.31810083499988007, "dream": 0.09847718825933559, "order": 0.2164935867943926, "talk": 0.17692733903900687, "help": 0.07729806181268872, "thesis": 0.9422865546086161, "shake": -0.29584361012140076, "suffer": 0.20154902803172117, "dont": 0.3640872053854819, "group": 0.6723641096845424, "thank": 0.13695807331323676, "decay": 0.1568419028171536, "susceptible": -2.952762673544814, "actually": 0.2192403886379293, "symptoms": 0.1444287324159214, "vast": 0.08720559134191393, "thanx": 0.24726428076861479, "strength": 0.1661187177880887, "good": 0.1372439434806589, "return": 0.08577577430948648, "food": -0.11555081275437938, "break": 0.16823447539436207, "roommate": -0.12866077895901543, "therapy": 0.5813563263361887, "awfully": 0.6210429675362621, "discuss": 0.14673419593824075, "meat": 0.4198665312041021, "everytime": 0.3118704729632978, "coping": 0.6122070290389571, "always": 0.22354174389842818, "realise": 0.20617844421284084, "meal": -0.24433964628504554, "bone": 0.274453080505154, "mean": 0.06741736960486688, "mental": 0.2096425353188217, "weight": 0.29529292635180515, "ed": 0.29484265502638796, "hard": -0.271665872906925, "reduce": -0.02121235983295089, "yeah": 0.3110097946250457, "frequency": 0.057041577683053866, "year": -0.1371581299086174, "happen": -2.232091076935819, "really": -0.4161963923258217, "living": 0.09829614863244018, "gon": 0.07177859371124548, "alcohol": -0.4688299616503505, "factors": 0.14440910164897844, "since": -1.4608902546848712, "research": 0.5328145552472451, "increase": 0.1487096776464495, "may": 0.17733595129525678, "trauma": -0.29358538165651477, "rn": 0.02693391587737547, "forth": -0.006372144490341407, "shut": 0.14885022401926185, "million": 0.6633895527189895, "looong": 0.13298348416324565, "quite": 0.14873354473661377, "sensory": 0.100853939469745, "completely": 0.09846477639299754, "struggle": 0.5848359165046156, "ask": 0.13231866029049164, "craving": 0.1539037098913203, "card": -0.24109166432668555, "care": 0.1300278221382283, "advance": 0.13375374691007355, "training": -0.148658125369614, "language": 0.6659434731550372, "could": 0.017315845123600477, "put": 0.06764531997294247, "therpaists": 0.04121869334267247, "covid": 0.07657171394397748, "keep": 0.2652775592193872, "thing": 0.03620933843278687, "place": -0.13284631839856842, "binging": 0.2823994227998961, "think": 0.18770809790084816, "first": -0.1040552451673928, "unhealthy": -0.27385230367901625, "feel": 0.032785316815357214, "relate": 0.11520348635746998, "nutritional": 0.21565838008341506, "number": 0.26170389215911294, "one": -0.03193789940495435, "open": 0.18177112396764092, "little": 0.010174991557103738, "management": 0.3042015481546105, "anyone": 0.0217966293629196, "soreness": 0.1663228991931227, "time": 0.5201574419988677, "prouder": -0.3524064426776069, "recreationally": -2.2165401741246127, "painful": 0.626533692096435, "stomach": 0.22693205240624617, "lot": 0.38871977501291377, "relationship": -0.11055982613701354, "hurt": 0.003613861599397247, "part": 0.11552345919936427, "appreciated": 0.25584557396409935, "population": 0.24307372884917264, "kind": 0.04254384906086074, "bloat": 0.2856208914669839, "constipation": 0.632898659296567, "guilt": -12.351358489317489, "friend": -0.01691454970048859, "feeling": 0.038464189198858044, "illness": 0.257733917468834, "wasnt": 0.1281697964823512, "immediadely": 0.1145584133481188, "mind": 0.1409601918853097, "mine": 0.13516865345702067, "say": 0.1793232597482344, "throat": 0.10733088035855001, "seem": 0.3504474223895482, "purging": 0.19199742519842508, "issue": 0.1540393023657938, "relapse": -12.674844867179827, "self": 0.10875516198210514, "able": 0.18346401936273085, "isolated": 0.11433314381048879, "click": 0.3209650697751182, "also": 0.019604951240830167, "take": 0.14793676509792045, "interior": 0.8872834176429483,