{
    "narrator": 0.3743145743145743,
    "doctor": 0.8055555555555556,
    "medical_prof": 0.85,
    "ED": 0.5233333333333333,
    "reader": 0.2212692069834927,
    "family": 0.6372106481481481,
    "food": 0.3804347826086957,
    "SO_male": 0.45,
    "SO_any": 0.27222222222222225,
    "friend": 0.2222222222222222,
    "therapist": 0.8333333333333334,
    "SO_neutral": -0.09999999999999999,
    "nurse": 1.0,
    "SO_female": 0.5,
    "ex_SO": 0.08333333333333334
}