{
    "food": -0.5141348088531187,
    "narrator": -0.029933846058247976,
    "ED": -0.22499999999999998,
    "doctor": 0.14010416666666667,
    "medical_prof": 0.0943181818181818,
    "reader": 0.3124125944574861,
    "ex_SO": -0.21875,
    "family": 0.1830540858318636,
    "SO_male": 0.44000000000000006,
    "SO_any": 0.4444444444444444,
    "friend": 0.01190476190476191,
    "therapist": -0.5,
    "SO_neutral": 0.15,
    "SO_female": 0.75,
    "nurse": 0.3333333333333333
}