{"lack": -0.21906009760580336, "fairness": -0.28215446280935225, "go": 2.104585089589381, "creative": 0.41048722332384163, "hate": -2.3182480270974657, "apartment": -0.4891983134128022, "burnout": 0.5950981386063223, "father": -0.5655738187593868, "finally": -0.2436667011341304, "sorry": -0.5429729350376565, "advantage": -0.26331299673172115, "fat": -0.2669872081382094, "every": -0.5203607944408385, "drinking": -0.5678199639214615, "entire": 0.053689554820106435, "school": -0.5259637088786812, "heaven": -0.47140915243777726, "brother": -0.500906539395914, "try": 0.24238365948061613, "dealt": 0.2635364141302577, "clothes": -0.5624164244325199, "force": 0.7469537607801119, "battle": -0.3835762137000182, "even": -0.5238870507121342, "sun": -0.5229237925054251, "section": -0.5778997564408312, "new": -0.8335524540812852, "ever": -0.5507037015030707, "body": -0.16223062173005287, "loose": -0.24120211753109289, "let": 0.4897923193838609, "others": 2.2644634195881492, "strong": -0.3454205657479278, "great": -0.5247188631688219, "healthy": 1.0054349197320254, "drs": -0.5678892433149907, "guilty": 1.0457370792730036, "credit": -0.5574167502596907, "amount": -0.28740693291515584, "usually": -0.20196162362698777, "punishment": -0.5668878362602645, "love": 2.0904446025191006, "family": 0.008941461628884524, "win": -0.5381851679579279, "grade": -0.55843373857585, "put": -0.42793449502491415, "eye": 2.368484430251966, "would": -0.40926391117636607, "hospital": -0.2268021261620974, "two": -0.5663912203363121, "live": -0.5483902512110026, "tell": -0.8335524540812852, "today": -0.5598106527631, "adult": 0.4348392663496212, "topic": -0.36867064389112036, "car": -0.45596316296732786, "work": 1.521945711344716, "obvious": -0.5693510562220251, "thin": -0.411971639913946, "example": -0.5198150635778475, "give": -0.6077999797198651, "share": 2.3930502221827554, "high": -0.5493049081912191, "something": 2.02298797408848, "want": -0.20806232212527503, "information": -0.6077863613677192, "end": -0.45796013196914875, "recovery": 4.26665389775664, "toxic": -0.5233385245032085, "beach": -0.14710725660090856, "mess": -0.5618912654342771, "advice": -0.2945331910100551, "abuse": -0.2619539666704889, "tomato": -0.5533516666765186, "imagery": -0.300138689579211, "conscious": 0.052585596989296185, "subreddits": 1.5973778720162737, "appreciate": 2.085208080883514, "corona": -0.4860792307311065, "ibiza": 0.5779907846970053, "dread": -0.5709944664098116, "allow": -0.14897975098876667, "things": -0.02850417508898957, "talk": -0.5211452687143818, "help": 2.1487575501751346, "course": -0.11578831909012198, "still": 1.7830233540007883, "trouble": 0.2198054117154266, "perfect": -0.583644570688545, "group": -0.13020763178376246, "thank": -0.5686319086515672, "somewhere": 0.5064795426970254, "actually": -0.3894680890800556, "platform": -0.5468314889964212, "lt": -0.5680169810800092, "holiday": -0.5521889416857859, "might": -0.8335524540812852, "good": -0.4425921986921345, "food": -0.28768078794493535, "safe": -0.4484387329772832, "introduce": -0.8335524540812852, "break": 0.5468103316085394, "mention": -0.005591165190047048, "kid": -0.2962165075198622, "half": -0.2576711937763094, "one": -0.25131766035961145, "bullshit": -0.5716728293756692, "name": -0.5905314051556712, "always": 0.3650752851940272, "em": -0.5196457660658208, "everyone": -0.590592296178739, "weight": 1.2187181043037434, "hard": 1.7131070479043968, "idea": -0.8335524540812852, "related": -0.5445196067755557, "year": 0.05292528561174951, "really": 2.066271380059031, "leave": -0.3593698791466216, "gon": -0.22819244715068226, "since": -0.3650404687921283, "may": -0.38513957809115484, "health": -0.23721300357414427, "cause": -0.4282111065631395, "shit": -0.27162033381748957, "little": -0.8335524540812852, "free": 2.1026851620397835, "reason": -0.2602104950033123, "struggle": 1.1625201651344794, "ask": -0.5677483306028713, "care": -0.5732772902984876, "flare": -0.4159664746554617, "could": 2.47559543461703, "running": 0.03643054530319871, "covid": -0.43925151564388554, "keep": -0.08793895353913424, "thing": -0.4650420229043806, "place": 2.432744217294209, "think": -0.8335524540812852, "first": -0.547337328169012, "already": 0.7221727479876675, "feel": 0.3092217437767672, "hearing": -0.19821623410826958, "rant": -4.739850267623218, "specifically": -0.24609428892094223, "delicious": -0.17370699364101566, "tomorrow": -0.1641804726012571, "guess": -0.2577014772072544, "introduction": -0.6102337864948414, "euphoric": -0.3840245250233512, "realistically": 0.6966359873116813, "anyone": -0.5780249435349398, "wonderful": 1.1865412376521494, "perfectly": 0.9317142025743431, "lot": 1.5151663550294963, "mostly": 0.34881740951624746, "kind": -0.34922911784428873, "unfortunately": 0.47352821866204736, "guilt": -4.567668411486048, "bisexual": -0.5782075662003457, "say": -0.5170513251695439, "substantial": 0.25824479663966704, "ans": 0.11452051791380984, "need": 2.2627343751067075, "seek": 0.8810287133603605, "clearly": -0.5723837919270904, "afraid": 1.4583880215772922, "relapse": -3.033146786144591, "able": -0.23618217744946252, "aside": -0.4275192423980136, "also": -0.08078762196369609, "niece": -0.5547443075788484, "finding": -0.25140341381059667, "normal": 0.6766992796349127, "track": 2.030111697491064, "reach": 1.829296960509443, "plan": -0.5252402311951849, "significant": 0.5114274788584567, "panic": -0.5682571280340911, "responder": -0.49208233573895155, "fact": -0.3332245442813372, "sexist": -0.5564534489355368, "subreddit": -0.5898261121813215, "participate": -0.6078078907685069, "find": 1.483678916765469, "grotesque": 0.6041794980459145, "enough": 0.520939417203227, "hope": -0.085237496898627, "dodge": -0.5562525218824161, "get": -0.053486452260063225, "stop": 0.599842106498817, "despite": -0.5691847069419107, "officially": -0.5703143021901681, "bad": 2.080430515799109, "though": 1.7910394626602524, "view": -0.4728122224580813, "artsy": -0.5738445528449069, "see": -0.3735559095521632, "dumb": -0.5392937592442199, "please": 1.1717049153554966, "outside": -0.027197622421981982, "unable": -0.5175903411196744, "various": 0.043652998410035664, "hopefully": 2.1529483866564614, "mum": -0.5484275442182234, "reddit": -0.5185714588201649, "recently": -0.5103134079527291, "restricting": 0.08180278642727969, "job": -0.5176910061864709, "extent": -0.20909074261218855, "come": -0.36363504548232617, "accident": 0.5941236476257802, "many": 2.024898721162259, "taking": -0.3295726991829604, "etc": 0.5951923690159223, "whole": -0.3374218151843432, "among": -0.18394868881076423, "community": -0.8335524540812852, "walk": 0.5557730294381797, "poll": -0.5680066932596728, "runaway": -0.5567422446812164, "binge": 0.38143273997820953, "three": -0.14026888524269784, "quickly": -0.19976114541639545, "much": -0.5093623342921006, "wowzers": -0.41403423884399887, "interest": -0.341598956937297, "life": 0.9230717052175906, "drugs": -0.5591200956758376, "psychotherapist": -0.580399184024304, "else": -0.5114229280640584, "whatever": -0.5362968733022008, "understand": -0.13612250740659906, "safespace": 2.100043999156384, "personally": -0.5609869026639254, "look": 0.019323945850764912, "bikini": -0.3944291109513535, "fun": -0.8335524540812852, "middle": -0.40015707685715635, "someone": -0.5290711826056308, "im": -0.5186744221920696, "ready": 2.4043380695872147, "technology": 0.10207702447632334, "worry": -0.18965218007915088, "different": 1.4500853261775166, "saw": -0.5450645396597795, "make": -0.097507799416387, "split": -0.5764947757358394, "week": -0.19910635936375107, "overweight": -0.5191512871916798, "yesterday": -0.5341418561030087, "moment": -0.5665621552946604, "cucumber": -0.3504046648771999, "cycle": 0.986665937544572, "well": 2.0322780373511646, "thought": -0.399573268771196, "person": 1.009470693286181, "severe": -0.4741456638342793, "without": 0.8982912568064514, "mother": 1.4180827778936456, "darn": 0.1103452388046737, "vent": -0.5016938956867021,