{
    "narrator": 0.25595238095238093,
    "SO_female": 0.45614035087719296,
    "SO_any": 0.45614035087719296,
    "friend": 0.1929824561403509,
    "reader": 0.08072916666666667,
    "medical_prof": 0.8571428571428572,
    "family": 0.8888888888888888,
    "ex_SO": 0.25,
    "therapist": 0.3333333333333333,
    "doctor": 1.0,
    "ED": 0.47222222222222227,
    "food": 0.16666666666666666
}