{
    "narrator": -0.15787037037037036,
    "nurse": -0.5,
    "medical_prof": -0.12962962962962962,
    "ex_SO": -0.4166666666666667,
    "SO_female": 0.6130952380952381,
    "SO_any": 0.6130952380952381,
    "friend": 0.5333333333333334,
    "food": -0.6222222222222222,
    "reader": 0.2020833333333333,
    "ED": -0.2592592592592593,
    "family": -0.21875,
    "therapist": 0.4,
    "doctor": -0.3333333333333333
}