{
    "food": -0.5890438988095238,
    "narrator": -0.13099420501097772,
    "ED": -0.23625,
    "reader": 0.3210577787905169,
    "ex_SO": -0.38461538461538464,
    "family": 0.39423740510697025,
    "medical_prof": 0.04814814814814815,
    "SO_male": 0.48,
    "SO_any": 0.5111111111111112,
    "friend": 0.12121212121212119,
    "therapist": -0.5,
    "SO_neutral": 0.35,
    "doctor": 0.002564102564102555,
    "SO_female": 0.75,
    "nurse": 0.3333333333333333
}