{
    "narrator": 0.1888522340014877,
    "doctor": 0.6499999999999999,
    "medical_prof": 0.7233333333333333,
    "ED": 0.5264550264550264,
    "reader": 0.10008129297602981,
    "family": 0.5285336356764928,
    "food": 0.10370370370370369,
    "SO_male": 0.4533333333333333,
    "SO_any": 0.30833333333333335,
    "friend": 0.14285714285714282,
    "therapist": 0.8333333333333334,
    "SO_neutral": -0.15,
    "nurse": 0.6666666666666666,
    "SO_female": 0.5,
    "ex_SO": 0.05555555555555556
}