{
    "food": -0.5463595583160801,
    "narrator": -0.11352831100951402,
    "ED": -0.23048780487804876,
    "doctor": 0.002083333333333326,
    "medical_prof": 0.039393939393939384,
    "reader": 0.2937337125104729,
    "ex_SO": -0.3333333333333333,
    "family": 0.3487484737484738,
    "SO_male": 0.48,
    "SO_any": 0.5111111111111112,
    "friend": 0.09523809523809522,
    "therapist": -0.25,
    "SO_neutral": 0.35,
    "SO_female": 0.75,
    "nurse": 0.3333333333333333
}