{
    "narrator": 0.4129353233830846,
    "doctor": 0.8055555555555556,
    "medical_prof": 0.8833333333333333,
    "ED": 0.6666666666666666,
    "reader": 0.1738215488215488,
    "family": 0.7290249433106576,
    "food": 0.3888888888888889,
    "SO_male": 0.35,
    "SO_any": 0.24375,
    "friend": 0.2714285714285714,
    "therapist": 1.0,
    "SO_neutral": -0.15,
    "nurse": 1.0,
    "SO_female": 0.5,
    "ex_SO": 0.22222222222222224
}