{
    "narrator": 0.13703703703703704,
    "SO_female": 0.35119047619047616,
    "SO_any": 0.35119047619047616,
    "friend": -0.04166666666666666,
    "reader": 0.019727891156462587,
    "medical_prof": 0.7777777777777778,
    "family": 0.5,
    "therapist": 0.2,
    "doctor": 1.0,
    "ex_SO": 0.5,
    "ED": 0.25,
    "food": 0.1111111111111111
}