{
    "narrator": -0.19953703703703704,
    "nurse": -0.5,
    "medical_prof": -0.12962962962962962,
    "ex_SO": -0.4166666666666667,
    "SO_female": 0.6592261904761905,
    "SO_any": 0.6592261904761905,
    "friend": 0.5694444444444445,
    "food": -0.6,
    "reader": 0.13898809523809522,
    "ED": -0.2857142857142857,
    "therapist": 0.4,
    "family": -0.2916666666666667,
    "doctor": -0.5
}