{
    "narrator": 0.3333333333333333,
    "SO_female": 0.4607843137254902,
    "SO_any": 0.4607843137254902,
    "friend": -0.20588235294117646,
    "reader": -0.056547619047619034,
    "medical_prof": 0.8571428571428572,
    "family": 1.0,
    "therapist": 0.3333333333333333,
    "doctor": 1.0,
    "ex_SO": 0.5,
    "ED": 0.6,
    "food": 1.0
}