{"burdening": 0.6848734669435436, "protruded": 0.7073975385698923, "lack": 0.7014825680947591, "fairness": 0.7110570026388415, "go": 0.7805381864366949, "amplified": 0.7007005996136995, "creative": 0.7093935810545358, "hate": 0.47411295381953095, "issues": 0.7063448182142474, "apartment": 0.7048926813867861, "disorders": 0.7116673494215119, "burnout": 0.7546408328977194, "father": 0.698831085081256, "finally": 0.7358366471261232, "saw": 0.721385429650649, "sorry": 0.7174638773387716, "enjoying": 0.7550541645249177, "veterans": 0.7012534779182159, "sent": 0.7297943134819821, "cruising": 0.7477019869260438, "advantage": 0.7303872245039491, "fat": 0.7005775173519724, "every": 0.6976769607420894, "drinking": 0.724388610994685, "entire": 0.7225728419014382, "school": 0.705942198744034, "heaven": 0.7094388233803887, "mothers": 0.7272728196996786, "laying": 0.7269387628923857, "joined": 0.5, "try": 0.7010969190258167, "dealt": 0.6804400836666056, "commented": 0.7001788024884074, "clothes": 0.7107670665317788, "work": 0.7267987509390149, "force": 0.7287351664899205, "guidelines": 0.7315368460077264, "battle": 0.7142037130075812, "comforting": 0.6984661581910525, "even": 0.7052501537960845, "sun": 0.7411893688879468, "section": 0.7114937503968239, "dcf": 0.725508974274874, "new": 0.5, "ever": 0.7032841122329213, "filled": 0.6890836284295524, "body": 0.7075001145835217, "kicked": 0.7008253253754573, "chins": 0.7171923902000117, "loose": 0.6980724024992828, "following": 0.7292043646727767, "let": 0.7487430665385321, "obsessing": 0.7427652524003932, "others": 0.7876843128487685, "strong": 0.7302639959836588, "great": 0.7333342467167737, "kids": 0.7041860451763967, "healthy": 0.73796456236644, "bruises": 0.7037579961460237, "guilty": 0.6733901845314607, "credit": 0.6951156170233467, "amount": 0.7272363881267305, "crumbled": 0.7424264398580026, "usually": 0.7177406598420895, "punishment": 0.7024116585645975, "love": 0.7563185911449392, "family": 0.7384266052024175, "win": 0.6987984366032995, "grade": 0.7067917909282861, "ask": 0.7040186734909645, "names": 0.6905669613095462, "eye": 0.770773309857639, "would": 0.7198426740871815, "hospital": 0.7204861290932527, "two": 0.6977662058208941, "live": 0.7014264514663046, "https": 0.7026000504489777, "tell": 0.5, "today": 0.6993297601865458, "introducing": 0.7356078011067946, "posting": 0.7337559958237506, "started": 0.7260925869471441, "adult": 0.7259607088096964, "women": 0.7266939922430922, "high": 0.7022166132429076, "car": 0.7009843495021382, "getting": 0.6992967747905754, "obvious": 0.6938735435442749, "thin": 0.70449589705969, "growing": 0.6688524251770553, "example": 0.7100557338380534, "something": 0.7851294657428782, "meant": 0.7290000775395625, "give": 0.6812959863448547, "share": 0.7667407413625176, "days": 0.695825763875582, "topic": 0.7191954838030455, "claimed": 0.6947208973686991, "numbers": 0.7005935684959549, "want": 0.7239006377325905, "bones": 0.7040226708034807, "keep": 0.7398996999114666, "information": 0.6821613260368302, "counting": 0.7380722088712051, "end": 0.7031227313227316, "recovery": 0.8435188046320783, "watching": 0.6947662144756408, "toxic": 0.7279014391265707, "struggled": 0.7141622933608347, "beach": 0.7267528941432818, "plans": 0.7191111154524593, "mess": 0.6926444547047117, "advice": 0.7101507768474653, "abuse": 0.7084387740993726, "guys": 0.5, "tomato": 0.6940884909951208, "realized": 0.753656716413897, "imagery": 0.714814798394287, "conscious": 0.6577675858748644, "subreddits": 0.773659420481768, "appreciate": 0.7173851199649981, "corona": 0.718671105768803, "ibiza": 0.7472703598453604, "dread": 0.6888511548879871, "allow": 0.7402887419035317, "worst": 0.790557763573543, "talk": 0.70998476021575, "breaking": 0.7103275645570519, "help": 0.7872862162944976, "satisfied": 0.7192630534277754, "years": 0.7187091965479617, "ended": 0.7340134015917957, "still": 0.7601045796338899, "lovelies": 0.7119077621545017, "perfect": 0.6855186573022171, "group": 0.7529141400230747, "thank": 0.6993281027003613, "somewhere": 0.7808474721728323, "actually": 0.6769475598489016, "better": 0.7727030911929489, "platform": 0.7323458066396585, "lt": 0.7242314402097705, "holiday": 0.7085911497779319, "might": 0.5, "easier": 0.7294304227688666, "good": 0.710416708194663, "food": 0.7288604822561263, "safe": 0.7280256469329126, "introduce": 0.5, "break": 0.7526292095426604, "mention": 0.74314892981589, "half": 0.7226802806841996, "one": 0.7462502313889002, "bullshit": 0.6974116634325224, "name": 0.7203349761747682, "always": 0.7344791918592317, "habits": 0.7037370405395663, "went": 0.7156416362468451, "em": 0.7030325029891584, "everyone": 0.6981022626366586, "weight": 0.7055538670872875, "hard": 0.7271783739066597, "idea": 0.5, "related": 0.7016421533494225, "brother": 0.701026809897308, "year": 0.7045811405459395, "really": 0.7901478724107237, "leave": 0.7185021536010497, "since": 0.7085766278998943, "looking": 0.7308658262692067, "may": 0.7434984625796901, "health": 0.716762612315444, "suggesting": 0.6873218111716712, "got": 0.6976702365222813, "cause": 0.7038303925506011, "protruding": 0.7062872799177049, "little": 0.5, "free": 0.7749335246560494, "reason": 0.72361752256711, "struggle": 0.7854905442760893, "members": 0.5, "put": 0.7052659315676225, "wanted": 0.7475219726054104, "shortest": 0.7518519527538797, "care": 0.6976891899962704, "created": 0.7040514198558875, "flare": 0.7058407772365125, "could": 0.7715904791777234, "calories": 0.7524955913901611, "running": 0.7376302458157001, "covid": 0.7324972539853025, "times": 0.717210062614615, "thing": 0.685398880906636, "place": 0.7778392915095895, "binging": 0.7104304359523314, "think": 0.7117861879010123, "first": 0.6937721275704636, "already": 0.7628139974282547, "feel": 0.7259917047522393, "hearing": 0.7166692483263344, "rant": 0.4478644877548659, "done": 0.7187568821815854, "specifically": 0.7425638890594289, "delicious": 0.7418966233086074, "tomorrow": 0.7338230364825856, "guess": 0.7285209621087574, "introduction": 0.6812635984197523, "euphoric": 0.7003213757792695, "realistically": 0.7409491096928387, "anyone": 0.6914601358577578, "wonderful": 0.7329624823291643, "perfectly": 0.767506179547301, "lot": 0.7401491610031088, "relationship": 0.7006885266986255, "took": 0.7352745560162697, "kind": 0.7291764471904841, "grew": 0.7016406837825973, "unfortunately": 0.7784578486096925, "surrounding": 0.6905823614650768, "gotten": 0.7232875995857566, "determined": 0.7154344269452184, "guilt": 0.4652568633234509, "feeling": 0.7135790881834502, "collecting": 0.7074295555579794, "enforced": 0.721145174354064, "bisexual": 0.6980519659220612, "reassuring": 0.7043194881242681, "say": 0.7265049004787102, "substantial": 0.7342957384044124, "ans": 0.7278581111577938, "need": 0.7833032487226035, "seek": 0.7758682929582994, "clearly": 0.6916880638652685, "forced": 0.7258753325411629, "afraid": 0.7625781681749841, "relapse": 0.5225657374974817, "able": 0.7517586390499427, "aside": 0.7008121234452986, "also": 0.7155761113339038, "take": 0.7244248533678237, "finding": 0.7551594837873681, "though": 0.7350142077152304, "track": 0.7910325742800378, "reach": 0.7786056763398997, "sickest": 0.6970369717029963, "plan": 0.7221849213524466, "significant": 0.7061840065372869, "panic": 0.6913445485290203, "responder": 0.6968346540883985, "triggering": 0.7104766663989496, "left": 0.6966412195572841, "fact": 0.725191011109978, "sexist": 0.7041808549601777, "subreddit": 0.7178746159423941, "participate": 0.6812819418096587, "find": 0.7378031007373322, "grotesque": 0.7365220479480427, "enough": 0.7372201571490777, "going": 0.7898615055245305, "hope": 0.7332928788021846, "dodge": 0.6943931277522106, "get": 0.7536695996913839, "crumbling": 0.698983304423404, "stop": 0.7384619879731857, "feels": 0.7113695530715988, "despite": 0.6982209105921608, "course": 0.7094535980446941, "officially": 0.6969193297234957, "worried": 0.7106947280420411, "bad": 0.7418492813702071, "miles": 0.7120537133016773,