{"eda": 0.7856348868134821, "relieve": 0.79235477852051, "month": 0.7849613287825808, "four": 0.7845819317189928, "comments": 0.7995848842774053, "go": 0.7874171043923243, "hate": 0.49345359840912073, "gi": 0.7879923960867465, "dreadful": 0.7874697810912803, "disorders": 0.7854870213698985, "finally": 0.7900296476587911, "program": 0.7881677861869973, "helps": 0.7830030226125325, "sorry": 0.7901673380400103, "resources": 0.7850892298350348, "fat": 0.7893833067660713, "vera": 0.7843883084588441, "every": 0.7857624635989295, "anonymous": 0.7871051700893675, "telling": 0.7999062929142771, "affect": 0.7863161701846298, "treating": 0.7880525454957618, "school": 0.7858105354323872, "tear": 0.7899398813596773, "experiencing": 0.804142807318158, "posts": 0.7861548101122813, "try": 0.7997802279779936, "small": 0.8058067245130401, "clothes": 0.7812312213928121, "disordered": 0.786742616408881, "tired": 0.7858122375177533, "feeling": 0.8069071527373544, "direct": 0.7878320119172201, "past": 0.8102564651637799, "battle": 0.8136685431639674, "likely": 0.8075010429571975, "design": 0.8039294535918811, "uncomfortable": 0.7822500781280717, "eating": 0.7859211931551872, "acid": 0.8007755089273987, "even": 0.7888985865953559, "stressful": 0.8055578483084247, "sub": 0.8022620429716967, "fingers": 0.7847274554809673, "issues": 0.7856736476790499, "new": 0.7868458664005769, "tips": 0.7850970687147699, "racing": 0.8031238780881532, "body": 0.7846626572421354, "full": 0.7906029358503309, "bulimic": 0.8100710873349035, "bulimia": 0.8073189230202221, "never": 0.7911035068003615, "vomiting": 0.7859718613730626, "following": 0.7924733018072198, "extreme": 0.7910200726801941, "vinegar": 0.7830245513802884, "substance": 0.7891789934654652, "healthy": 0.7870446750715276, "guilty": 0.7852830162752038, "experience": 0.7900424589045235, "proud": 0.8667725625122665, "amount": 0.8103723326562521, "survey": 0.7985966403740691, "mentor": 0.7893603959456116, "usually": 0.7992554658736997, "aka": 0.7852578376529576, "makes": 0.7890667822866335, "beautiful": 0.80284022704236, "love": 0.7841099057378216, "apple": 0.786919268192466, "family": 0.8030082228410568, "redditrequest": 0.7881878557671705, "feelings": 0.784717961816093, "brought": 0.7845599341404167, "put": 0.7853035649325757, "semester": 0.7886161460902026, "insta": 0.7988515583624314, "names": 0.7853537408138794, "use": 0.7860358407316622, "working": 0.8096290829244177, "negative": 0.8062379255106574, "throw": 0.7885375498385926, "praised": 0.7863972234168989, "call": 0.8032651430782578, "wondering": 0.7952055570197548, "thru": 0.7887565546720348, "tell": 0.7841445797865115, "today": 0.8039371593447012, "relax": 0.7850576533638416, "started": 0.78651107030345, "sore": 0.7921660784163987, "hold": 0.8072723936552673, "clumps": 0.7890504422023981, "intake": 0.8050951753837292, "work": 0.7828952832678961, "reflux": 0.7855774434063184, "purge": 0.8021302130187521, "knocked": 0.7922054772088482, "def": 0.7916091676527985, "history": 0.8079595027214337, "mentee": 0.7862458002863845, "heart": 0.8027132922949832, "challenging": 0.8018277285922577, "give": 0.7825278338408459, "process": 0.8112712700765218, "december": 0.8058126364115525, "share": 0.7888466299795888, "scad": 0.8041631396875665, "foods": 0.7951409449486943, "something": 0.7858779863718731, "want": 0.780846029240512, "end": 0.8057361286577118, "recovery": 0.8723859117145203, "breaking": 0.7998522768398555, "numerous": 0.740820895311428, "pair": 0.7976852238459754, "struggled": 0.7862673822293725, "panic": 0.8039539132845375, "okay": 0.7831023257843881, "tried": 0.7897752847434092, "may": 0.7860268092497098, "advice": 0.7837398122588763, "tied": 0.7828437135207272, "data": 0.786243891203732, "stress": 0.7879736849688875, "natural": 0.7863538992119995, "waist": 0.7890405184878535, "whenever": 0.7846825850447811, "maybe": 0.7891440731252696, "appreciate": 0.7898736980587784, "purging": 0.7868510165278612, "subsisting": 0.7928639679111859, "addiction": 0.7885540895812245, "talk": 0.7855871959235052, "unsolicited": 0.7844611915787163, "help": 0.787809952333623, "insight": 0.789630038077395, "years": 0.8102331246656513, "brain": 0.7847595384308386, "looks": 0.7822190287498658, "thesis": 0.7918756331408873, "still": 0.8069179131709158, "thank": 0.7878557840543658, "fit": 0.7876049511182435, "actually": 0.7833007656150998, "better": 0.7842697390467365, "thump": 0.806502077898669, "decreased": 0.7927105133789205, "weeks": 0.7838656373940118, "happened": 0.7856793433015621, "eventually": 0.8010921061473203, "good": 0.8004413993572992, "motivated": 0.730346036862259, "food": 0.8004230075182492, "slate": 0.7890925212834534, "safe": 0.788379363336702, "vomit": 0.8084714343316426, "bothering": 0.7897771559408701, "documented": 0.7891182467672407, "day": 0.7861953542333268, "bread": 0.737238475247127, "easily": 0.7972080900747309, "always": 0.7996973146744458, "drop": 0.7867629842583329, "cider": 0.786321462201415, "found": 0.7920714990395255, "went": 0.7905777627447973, "meal": 0.7841948817687185, "lasting": 0.8038067396953463, "everyone": 0.7936660364893279, "weight": 0.7819335765524659, "ed": 0.7899440187868388, "yeah": 0.800717031440285, "contracting": 0.8061707280978835, "frequency": 0.7875047268098601, "sponsor": 0.7912799527951009, "year": 0.807352814335897, "substantially": 0.8085034349399928, "happen": 0.7411265935131462, "event": 0.742253133428958, "special": 0.7883610799019477, "really": 0.7883310817805892, "anxious": 0.4718361884204239, "since": 0.8049353408857265, "factory": 0.788363474674632, "research": 0.785491399099089, "looking": 0.7876034576426466, "got": 0.7850148936240032, "rn": 0.7857113877304329, "induced": 0.7870648745508407, "cause": 0.7885622621769427, "shut": 0.744880941150609, "guess": 0.7888453516082591, "completely": 0.7920800988996197, "starter": 0.78874164555304, "struggle": 0.7862374545341342, "members": 0.788591264435302, "ask": 0.7865670328692917, "wanted": 0.7918793805536297, "unresolved": 0.7832191316817149, "comfy": 0.7832250000676276, "could": 0.7995321023666615, "calories": 0.8022639456863992, "days": 0.8150139545587778, "times": 0.798126938033808, "thing": 0.7831764166235003, "binging": 0.7940482282066119, "promotion": 0.7881292170900941, "think": 0.7870562286195117, "first": 0.788896824729591, "insane": 0.7886614095348483, "blown": 0.8027109271786526, "feel": 0.78301123532648, "relate": 0.7869583451362973, "one": 0.7864364660819606, "done": 0.7851798111947759, "another": 0.7871268160095707, "little": 0.7856714833675664, "management": 0.8111098796343702, "silent": 0.7881618100439105, "start": 0.785969917344661, "guys": 0.7849716397151971, "system": 0.7848749499121789, "least": 0.7843685504759395, "anyone": 0.7887296348324706, "ton": 0.7841234264721698, "percentage": 0.7879744971500736, "cycle": 0.7876516433232331, "friend": 0.7839331575432358, "eyes": 0.7928932855088342, "stomach": 0.810992828836144, "way": 0.7877695788672603, "relationship": 0.7895390882667834, "cope": 0.78672929845487, "part": 0.7877947498737702, "overwhelming": 0.799058055950015, "appreciated": 0.7829059884275257, "symptom": 0.8030273474611321, "kind": 0.7847024322272318, "anxiety": 0.7898633465761202, "outcome": 0.8033218593502551, "treated": 0.803484661324657, "illness": 0.7842755293201147, "mind": 0.7992613735856542, "talking": 0.802292946554677, "need": 0.7926671278768516, "seen": 0.7828827920824065, "mostly": 0.8055550292619107, "self": 0.7895057005227234, "also": 0.7886000220715321, "fitting": 0.785786117639707, "without": 0.7866304437436061, "interior": 0.8096586495112672, "wanting": 0.7857822427303202, "circles": 0.7850735257871911, "urge": 0.789382791720555, "sure": 0.786982172306015, "multiple": 0.785082034030222, "knew": 0.7914255906491012, "reach": 0.7878828113943512, "intentions": 0.7929219017125405, "significant": 0.7947449660204121, "phase": 0.7862976574507767, "especially": 0.7865671008495492, "purges": 0.7845074738389208, "sometimes": 0.7851060948506041,