{
    "narrator": -0.045454545454545456,
    "reader": -0.07272727272727274,
    "family": 0.0,
    "therapist": 1.0,
    "medical_prof": 1.0,
    "ED": 1.0,
    "doctor": 1.0,
    "friend": -1.0,
    "ex_SO": 1.0
}