{
    "narrator": -0.39307479224376735,
    "doctor": -0.6666666666666666,
    "medical_prof": -0.6666666666666666,
    "food": -0.8402777777777777,
    "ED": -0.8,
    "reader": 0.27777777777777773,
    "family": -0.35714285714285715,
    "ex_SO": -0.875,
    "friend": 1.0
}