{
    "narrator": -0.3394736842105263,
    "reader": 0.22222222222222224,
    "doctor": -0.5,
    "medical_prof": -0.3333333333333333,
    "food": -0.7202380952380951,
    "ED": -0.8,
    "family": -0.2777777777777778,
    "ex_SO": -0.875,
    "therapist": 0.0,
    "friend": 1.0
}