{
    "narrator": -0.23106617647058825,
    "nurse": -0.5,
    "medical_prof": -0.41666666666666663,
    "ex_SO": -0.5,
    "food": -0.7138888888888889,
    "reader": 0.13957061457061457,
    "friend": 0.5,
    "ED": -0.5238095238095238,
    "family": -0.21875,
    "SO_female": 0.8888888888888888,
    "SO_any": 0.8888888888888888,
    "therapist": 0.5,
    "doctor": -0.4444444444444444
}