{
    "narrator": 0.14113562091503268,
    "reader": 0.02249258677830106,
    "family": 0.5,
    "SO_female": 0.0,
    "SO_any": 0.0,
    "therapist": 0.5,
    "medical_prof": 0.75,
    "doctor": 1.0,
    "ED": 0.25,
    "ex_SO": 1.0,
    "food": 0.1111111111111111,
    "friend": -0.5
}