{
    "narrator": -0.23106617647058825,
    "nurse": -0.5,
    "medical_prof": -0.41666666666666663,
    "ex_SO": -0.5,
    "food": -0.7138888888888889,
    "reader": 0.13957061457061457,
    "ED": -0.6111111111111112,
    "SO_female": 0.8888888888888888,
    "SO_any": 0.8888888888888888,
    "therapist": 0.5,
    "family": -0.2916666666666667,
    "doctor": -0.6666666666666666,
    "friend": 0.75
}