{
    "narrator": 0.3333333333333333,
    "reader": -0.056547619047619034,
    "family": 1.0,
    "SO_female": 0.0,
    "SO_any": 0.0,
    "therapist": 1.0,
    "medical_prof": 1.0,
    "doctor": 1.0,
    "ED": 0.6666666666666666,
    "ex_SO": 1.0,
    "food": 1.0,
    "friend": -1.0
}