{
    "food": -0.5844988242210464,
    "therapist": -0.13771929824561402,
    "medical_prof": -0.0017446633825944147,
    "narrator": -0.26362791911859706,
    "reader": 0.41588890815225765,
    "ED": -0.6744887525562372,
    "ex_SO": -0.44145299145299144,
    "family": 0.07693222153093063,
    "SO_female": 0.09566507164333252,
    "SO_any": -0.04951195914817289,
    "friend": 0.10440991624991537,
    "SO_male": -0.15524773032610023,
    "doctor": 0.0077606992163954305,
    "SO_neutral": -0.022377795815295823,
    "nurse": 0.10606060606060609
}