{
    "food": 0.32432432432432434,
    "therapist": 0.5243055555555555,
    "medical_prof": 0.36680854356910697,
    "narrator": 0.2616433507390954,
    "reader": 0.1763095211373589,
    "SO_male": 0.13877551020408166,
    "SO_any": 0.16194314193807094,
    "friend": 0.2456765755152852,
    "ED": 0.5536585365853658,
    "ex_SO": 0.375,
    "family": 0.4128066210043957,
    "SO_female": 0.13349747474747475,
    "doctor": 0.3423824474844883,
    "SO_neutral": 0.2650326797385621,
    "nurse": 0.8333333333333334
}