{
    "narrator": 0.12569875776397516,
    "ED": 0.7896825396825397,
    "reader": 0.1286770140428677,
    "family": 0.39743589743589747,
    "doctor": 0.3333333333333333,
    "medical_prof": 0.6666666666666666,
    "food": 0.3515151515151515,
    "ex_SO": 0.8333333333333334,
    "friend": 0.45833333333333337,
    "therapist": 1.0,
    "SO_male": 0.5,
    "SO_any": 0.0,
    "SO_female": -1.0
}