{
    "narrator": -0.26506084656084655,
    "ED": -0.4609375,
    "food": -0.6673976608187135,
    "reader": 0.2579238329238329,
    "family": 0.0980392156862745,
    "ex_SO": -0.7222222222222222,
    "doctor": -0.7708333333333334,
    "medical_prof": -0.7708333333333334,
    "friend": -0.03333333333333335,
    "SO_male": -1.0,
    "SO_any": -1.0
}