{
    "narrator": -0.2311577150239941,
    "ED": -0.44696969696969696,
    "food": -0.6236338797814208,
    "reader": 0.2074604743083004,
    "family": 0.09259259259259259,
    "doctor": -0.5606060606060607,
    "medical_prof": -0.4111111111111111,
    "ex_SO": -0.5,
    "therapist": 0.0,
    "friend": -0.020833333333333343,
    "SO_male": -1.0,
    "SO_any": -0.3333333333333333,
    "SO_female": 0.0
}