{
    "narrator": 0.2826086956521739,
    "ED": 0.9444444444444445,
    "reader": 0.16585365853658537,
    "family": 0.38461538461538464,
    "doctor": 1.0,
    "medical_prof": 1.0,
    "food": 0.9090909090909091,
    "ex_SO": 1.0,
    "friend": 0.5,
    "therapist": 1.0,
    "SO_male": 0.5,
    "SO_any": 0.0,
    "SO_female": -1.0
}