{
    "friend": -0.02124080433535793,
    "narrator": -0.31113274412706354,
    "ex_SO": -0.4135770639616794,
    "food": -0.5811489511086285,
    "reader": 0.4861030024361408,
    "doctor": 0.21579365079365076,
    "medical_prof": 0.08358465608465608,
    "ED": -0.4522556390977444,
    "family": 0.03809832749139107,
    "SO_male": 0.4411535303776683,
    "SO_any": 0.3045419393053664,
    "therapist": -0.011979166666666652,
    "SO_female": 0.23428260192966074,
    "nurse": -0.19230769230769232,
    "SO_neutral": 0.10926357257878998
}