{
    "friend": 0.20436087918175488,
    "narrator": 0.14861676670592933,
    "ex_SO": 0.4580354261873138,
    "reader": 0.1766548260846429,
    "doctor": 0.5076502732240438,
    "medical_prof": 0.48150749063670417,
    "food": 0.27328364124138776,
    "ED": 0.5697368421052632,
    "family": 0.3103901980372568,
    "therapist": 0.5583333333333333,
    "SO_female": 0.35330882352941173,
    "SO_any": 0.3603280805075653,
    "SO_male": 0.30504926108374386,
    "SO_neutral": 0.5778720072198333
}