{
    "friend": -0.017944817455733432,
    "narrator": -0.2777322628438782,
    "ex_SO": -0.3786268895423825,
    "food": -0.5529089765023268,
    "reader": 0.4277706421438039,
    "doctor": 0.14073498964803313,
    "medical_prof": 0.051174279235503724,
    "ED": -0.42062937062937067,
    "family": 0.031089672905710648,
    "nurse": -0.15625,
    "therapist": -0.004791666666666666,
    "SO_male": 0.3762780112044818,
    "SO_any": 0.24999711435515157,
    "SO_female": 0.18495994889183742,
    "SO_neutral": 0.08741085806303198
}