{
    "friend": 0.31333413576447633,
    "narrator": 0.3571586808478682,
    "ex_SO": 0.5857160593771656,
    "reader": 0.22052278227427927,
    "doctor": 0.5699453551912568,
    "medical_prof": 0.5639513108614231,
    "food": 0.5101119537739257,
    "ED": 0.64280119605197,
    "family": 0.4217327541802946,
    "therapist": 0.6695652173913043,
    "SO_female": 0.4750376002673797,
    "SO_any": 0.46393554945288135,
    "SO_male": 0.37810867293625916,
    "SO_neutral": 0.7113823833280848
}