{
    "SO_male": 0.39415584415584415,
    "SO_any": 0.3167619439617061,
    "friend": 0.2932254594916477,
    "family": 0.3950482325396731,
    "ex_SO": 0.47387057387057385,
    "SO_female": 0.08577796724348448,
    "reader": 0.14804490657867164,
    "food": 0.30017507002801125,
    "narrator": 0.11298372260037824,
    "ED": 0.6634615384615384,
    "therapist": 0.27083333333333337,
    "medical_prof": 0.469824016563147,
    "doctor": 0.6355555555555555,
    "nurse": 0.75,
    "SO_neutral": 0.0
}