{
    "SO_male": 0.09259259259259259,
    "SO_any": 0.004731849636406295,
    "friend": 0.03420502556067125,
    "ED": -0.5,
    "family": 0.2598105664473658,
    "narrator": -0.3234177642080197,
    "reader": 0.3505662296510824,
    "ex_SO": -0.475,
    "SO_female": 0.16097085385878487,
    "food": -0.5298056722689076,
    "therapist": -1.0092936587501423e-17,
    "medical_prof": 0.06517165005537098,
    "doctor": 0.18733333333333335,
    "nurse": -0.1875,
    "SO_neutral": -0.625
}