{
    "SO_male": 0.05747126436781609,
    "SO_any": 0.0033972253799839955,
    "friend": 0.027486181254110835,
    "ED": -0.47297297297297297,
    "family": 0.20688619180068016,
    "narrator": -0.2816864397940817,
    "reader": 0.2991069665830336,
    "ex_SO": -0.4518292682926829,
    "SO_female": 0.16097085385878487,
    "food": -0.4969211822660098,
    "therapist": -7.401486830834377e-18,
    "medical_prof": 0.047497982243744956,
    "doctor": 0.12008547008547008,
    "nurse": -0.1875,
    "SO_neutral": -0.625
}