{
    "SO_male": 0.45454545454545453,
    "SO_any": 0.3731676369607404,
    "friend": 0.4080798830798831,
    "family": 0.4840624863352136,
    "ex_SO": 0.8015873015873017,
    "SO_female": 0.13697691197691197,
    "reader": 0.205895390070922,
    "food": 0.5294117647058824,
    "narrator": 0.25918529036506566,
    "ED": 0.9038461538461539,
    "therapist": 0.3097222222222222,
    "medical_prof": 0.5518115942028985,
    "doctor": 0.7055555555555555,
    "nurse": 1.0,
    "SO_neutral": 0.0
}