{
    "food": 0.33300638520682097,
    "therapist": 0.38466505246166266,
    "medical_prof": 0.43409986296676945,
    "reader": 0.1230038333256378,
    "narrator": 0.1425912994978012,
    "ex_SO": 0.422127659574468,
    "SO_female": 0.02202380952380954,
    "SO_any": 0.3376382306477093,
    "friend": 0.323646614132872,
    "family": 0.3866447236614196,
    "SO_male": 0.40964590964590963,
    "ED": 0.5772309459977021,
    "doctor": 0.47090346712703207,
    "SO_neutral": 0.3411458333333333,
    "nurse": 0.603448275862069
}