{
    "food": -0.656910875344003,
    "therapist": -0.18169642857142856,
    "medical_prof": -0.17892016993215396,
    "narrator": -0.32724125963315837,
    "reader": 0.42673988503258986,
    "ex_SO": -0.5976726023117775,
    "SO_female": 0.16435897435897434,
    "SO_any": 0.16339441535776617,
    "friend": -0.07657519546221063,
    "family": 0.08504530007109544,
    "SO_male": 0.2728070175438596,
    "ED": -0.6292341678939617,
    "doctor": -0.19070328934786765,
    "SO_neutral": -0.09148550724637683,
    "nurse": -0.12666666666666668
}