{
    "narrator": -0.24017957351290686,
    "reader": 0.3587962962962962,
    "doctor": -0.2857142857142857,
    "medical_prof": -0.2222222222222222,
    "food": -0.7202380952380951,
    "ED": -0.6363636363636364,
    "family": -0.25833333333333336,
    "ex_SO": -0.875,
    "therapist": 0.0,
    "friend": 0.0
}