{
    "narrator": -0.025641025641025637,
    "food": 0.15,
    "reader": -0.034722222222222196,
    "doctor": 1.0,
    "medical_prof": 1.0,
    "SO_male": -1.0,
    "SO_any": -1.0,
    "family": -0.041666666666666664,
    "therapist": 1.0,
    "ED": 0.6666666666666666,
    "ex_SO": 0.5,
    "friend": 0.0
}