{"burdening": -0.6518732252324176, "all": 0.07099988583858569, "outspoken": 0.9830459479218773, "protruded": -0.6122036633353534, "lack": 0.18275426657546284, "fairness": 0.08028561488391617, "go": 0.07470948245546973, "amplified": -0.175664821003752, "creative": 0.19849106039707046, "hate": -4.482296082641199, "issues": 0.07259141575878901, "apartment": 0.07785124342094092, "disorders": -0.41129048636748733, "burnout": -2.376071630830596, "father": 0.0810989858825859, "to": 0.07760786847513748, "finally": 0.0718895989505547, "under": 0.07105909833688266, "sorry": 0.6147429616324471, "enjoying": 1.9768085245642277, "veterans": 0.874657260543029, "sent": 0.07155771868664872, "cruising": 0.3281190569799779, "advantage": 0.18100186224077688, "very": 0.0719898067575676, "fat": -0.1251580311739394, "every": 0.07148822886685549, "drinking": -0.16019784161384537, "entire": 0.07120146975671475, "school": 0.1832338239575419, "heaven": 1.2373142675184592, "mothers": -0.03809437347243386, "laying": 0.1106424058542296, "joined": 0.0740640613661549, "try": 0.08216950913925448, "dealt": 0.0934869849539225, "commented": -0.35882212269657016, "clothes": 0.06824816810085764, "force": 0.9723624851062989, "guidelines": 0.11796129870883953, "among": 0.07038879006193383, "battle": 0.13782686979059952, "comforting": 1.1273161391556727, "even": 0.07149285582037453, "what": 0.0733907701413687, "sun": 0.07201921010613642, "section": 0.07194956615818153, "bikini": -0.3174096821367012, "dcf": -0.9330019147422639, "new": 0.07108886003772036, "ever": 0.0720224060308621, "filled": 0.06854893643939325, "thin": 0.05425803305244195, "body": 0.03788924590335418, "kicked": 0.07339186676124025, "chins": -1.091325988180133, "loose": 0.07213172568409419, "here": 0.07258295889649488, "following": 0.08366376580875673, "let": 0.07114192795968197, "obsessing": -1.1333377527181323, "others": 0.07076945500828079, "strong": 0.9078904664028773, "great": 0.16581245285480556, "kids": 0.08487237657711631, "healthy": 0.8703287320930787, "bruises": -0.77296960919351, "guilty": -0.69026522892079, "credit": 0.10316449778449953, "amount": 0.34183373145847734, "crumbled": 0.06708750405869927, "usually": 0.07142876073310739, "punishment": -0.014599200901738245, "kid": 0.08719909494223552, "love": 1.0641448093393686, "family": 0.0882467722171557, "win": 0.968726076149524, "ask": 0.07449407888360042, "names": 0.07059837947540251, "ve": -0.37031855003971625, "from": 0.07165838587323556, "would": 0.07264706161155701, "hospital": 0.10200590589857249, "two": 0.07042005244468917, "few": 0.07108250061900558, "live": 0.08368448779315059, "https": -2.0140696294056677, "themselves": 0.07655664304305812, "tell": 0.07449606024560729, "today": 0.07192424397698398, "loving": 5.773024290854125, "introducing": 0.07394260145219889, "posting": 0.08017001949140232, "started": 0.07246035134788206, "getting": 0.07388023376747727, "adult": -0.01698444037578895, "women": 0.06110382536692929, "me": 0.0743333534936879, "topic": 0.06893660958727477, "this": 0.07126743106134725, "car": 0.07966850451408695, "work": 0.2848461886269866, "obvious": 0.08306689102946756, "can": 0.07323502247517412, "growing": -0.1663058009153005, "my": 0.0752080494740206, "example": 0.07148090779037837, "something": 0.07355758157819646, "meant": 0.07204038525636487, "give": 0.07507065065345501, "share": 0.10014940354902484, "high": 0.09437145042105778, "claimed": 0.07054458310287498, "numbers": 0.07105925315174776, "want": 0.0828942022493189, "bones": -0.12761177131399704, "counting": 0.07786790848365605, "information": 0.07373676488914664, "end": 0.07198123653942852, "recovery": 5.860178983906629, "breaking": 0.06960953852324168, "how": 0.07347183660707562, "toxic": 0.1024448739645383, "struggled": 0.11974589033017889, "panic": -1.5613348335776556, "plans": 0.11008484480492597, "mess": 0.1374407652425609, "advice": 0.07562614449441091, "after": 0.07248688695623068, "abuse": -0.1805078435612092, "guys": 0.07422363075446296, "a": 0.07110083831503843, "realized": 0.07356607668380087, "imagery": 0.01074441925320449, "conscious": -0.5645812084239055, "appreciate": 0.38543222716209313, "corona": 0.10912687612761678, "ibiza": -0.3320215178761828, "so": 0.07183392052595812, "dread": -2.5629467493617297, "allow": 0.07446606940095568, "worst": 0.09252615148669632, "talk": 0.07496088425027012, "help": 0.10363817671586746, "over": 0.0709697315684717, "satisfied": 1.1185372340803865, "years": 0.07057530414383606, "course": 0.07273947215090897, "through": 0.07131469323337415, "still": 0.07119572650936926, "lovelies": -1.4214763528447414, "before": 0.07159447374374717, "perfect": 0.1878316247217393, "group": 0.07094615334243519, "thank": 1.7836010662793227, "somewhere": 0.07329731208296081, "ll": -0.7320997871395097, "actually": 0.07282908129270371, "better": 0.07300167228227439, "grade": 0.0916565898218903, "lt": -0.24085073814964575, "holiday": 1.1044101609401848, "might": 0.07233337695448042, "easier": 0.07431706901834986, "then": 0.07159071579180665, "them": 0.07231924716336699, "good": 0.07316384007616239, "food": 0.0410351339243346, "safe": 0.15769053638095024, "introduce": 0.07776467449382868, "break": 0.08469494618642934, "mention": 0.0718684084048533, "they": 0.07195092291568957, "half": 0.07120300510963563, "not": 0.07178744718347169, "now": 0.07139686497501545, "day": 0.0712918151999224, "name": 0.07081522057570118, "always": 0.07382994281023206, "didn": -1.209086277891931, "habits": -0.21226395245234994, "each": 0.07057541883271516, "went": 0.07262703043229451, "em": -0.482530528527022, "everyone": 0.07369561243970639, "weight": -0.269939224004701, "doing": 0.07603779196358829, "hard": 0.07373526891297283, "idea": 0.07319976575958712, "related": 0.07101777420424246, "brother": 0.09749669661113156, "year": 0.07100339287195966, "really": 0.07429615981583902, "leave": 0.07383474405382114, "gon": -0.20455451139390518, "since": 0.0705703379008225, "anorexic": -2.2285308110722752, "looking": 0.07446916783185918, "re": 0.0768948012666491, "health": 0.2137497308385871, "suggesting": 0.06623849990881468, "got": 0.07430739542816531, "cause": 0.30616288944785036, "insecure": -5.3845829359952715, "protruding": -0.37771620086595953, "guess": 0.0741674544205859, "free": 0.07283179680064343, "reason": 0.07202602445367318, "struggle": 0.3267840299495602, "members": 0.07073056603571569, "put": 0.07294639076741395, "wanted": 0.16305066493486362, "shortest": 0.0853142140416563, "care": 0.09494609130351718, "created": 0.07224787952293943, "flare": -0.2073814278090211, "could": 0.07267884583115629, "calories": -0.2374531317077039, "days": 0.07113783609185491, "times": 0.07070716065870299, "thing": 0.07379181198305354, "place": 0.0717171625171087, "binging": -1.901860793503604, "think": 0.07508242775069918, "first": 0.07105868691783913, "already": 0.0706824997966082, "feel": 0.29108246245894887, "hearing": -0.009336588006056502, "rant": -5.2278674137891805, "done": 0.09473821858583638, "specifically": 0.07088119577813204, "delicious": 0.30301389242846377, "wasn": -1.0942637621431444, "tomorrow": 0.0759571713816314, "little": 0.0742867365454537, "introduction": 0.07390871568284424, "euphoric": -0.46911469723913046, "realistically": 0.8616568896188503, "anyone": 0.07317688511604674, "their": 0.07314276818930442, "wonderful": 0.9550158311513239, "too": 0.07190833814693653, "perfectly": 0.25877507437568387, "tomato": 0.06522366789673614, "lot": 0.07400619496377298, "mostly": 0.07069809304513716, "that": 0.07153333917955049, "took": 0.07247258425669371, "than": 0.07122552053136082, "kind": 0.07360941598250309, "grew": 0.04396693546954391, "unfortunately": 0.07282615579184272, "surrounding": 0.07057330064508013, "depressed": -5.410948228737746, "gotten": 0.0755935042799939, "determined": 0.07432803699232242, "guilt": -4.542864092770312, "were": 0.07064253362647185, "feeling": 0.9960297633672122, "and": 0.07081181714246462, "enforced": 0.06783502100317161,