{"all": 0.02182599506785037, "just": 0.025305611134436405, "less": 0.022937562946608526, "skip": -0.03127328830181942, "over": 0.019054292229320258, "years": 0.018945017241139814, "not": 0.02702771368321784, "tempted": -0.622107301480571, "still": 0.02079445962466875, "hate": -2.3247324334727217, "seemed": 0.43037546605248356, "how": 0.029592905319818275, "had": 0.020318995510890014, "exercising": -0.08729824420974398, "better": 0.03011845856689384, "to": 0.025553319472847166, "lets": 0.002047601526070882, "going": 0.03411430076286952, "has": 0.0194706030358329, "hope": 0.37280308630675063, "struggling": -0.23637056921479035, "regularly": 0.019124236484670768, "do": 0.0322012364665384, "them": 0.026941123981780554, "good": 0.027532634175826194, "around": 0.020133112848156772, "food": 0.04231018190209538, "dessert": 0.3721406690813201, "practice": 0.021374073079693114, "every": 0.022808188134777835, "front": 0.019746910909544575, "now": 0.02076406315532454, "disappointed": -1.6212580841952078, "day": 0.020461909743732732, "success": 2.8952748803738815, "try": 0.028712951164890713, "depressed": -3.013621757030581, "bad": 0.02995009475788235, "habits": 0.025469974643685778, "each": 0.020538707772257653, "where": 0.01960321872453694, "husband": 0.027934225935987093, "because": 0.02155049659868899, "often": 0.019438051549770557, "regained": 0.009058240582279416, "scared": -2.297112381126134, "feeling": -0.12711536043912064, "some": 0.020116611293453112, "back": 0.022842915538838583, "are": 0.020461347275811972, "year": 0.019108964275101704, "happens": 0.02755208569979024, "anxious": -2.2949394254222684, "for": 0.01988123301403213, "progress": 3.413536106975498, "be": 0.02284721025440402, "we": 0.0313143450590122, "eating": 0.06745153784453713, "here": 0.022982356253543872, "members": 0.30902668486890983, "others": 0.020198334817036288, "about": 0.020519821181933795, "ate": 0.07934027232295698, "of": 0.018592505462828944, "could": 0.02688500512358208, "times": 0.01940237106999843, "admit": -0.516110148767652, "place": 0.019687019446631114, "or": 0.023000047504372626, "control": 0.020374733721322202, "already": 0.020223719374933717, "presence": 0.31214804937420576, "feel": 0.3557453166424443, "rant": -2.669239041813233, "tomorrow": 0.06389373417888337, "from": 0.019015857653889526, "support": 2.6122091893088273, "been": 0.02038690715277712, "binged": -1.0272141519034006, "confident": 2.880159373154934, "secret": 0.021175275904892227, "trigger": 0.0264092105257414, "treat": 0.03820397224101691, "was": 0.02043189452521321, "until": 0.020298030221663935, "today": 0.025772395722828082, "more": 0.02222408856180733, "that": 0.022728273208825537, "gym": 0.0462812592280679, "but": 0.021898945623285957, "ashamed": -0.7270838499157446, "embarassed": -1.181930837454264, "with": 0.019991762499362215, "eat": 0.07922749067840543, "me": 0.06617864866274062, "this": 0.02121822607621367, "bed": 0.0401186611568745, "will": 0.028403801176633492, "guilt": -2.630264436873678, "loving": 3.1506946453203035, "my": 0.03567545735414522, "and": 0.019715474017575552, "proud": 2.984590307952387, "chat": -0.30330202211277574, "then": 0.02106307493325516, "certain": 0.020798980791194185, "is": 0.020166090062501654, "it": 0.022096403945914635, "general": 0.018733607849415326, "helped": -0.0024380652014536234, "shame": -0.6419768690799043, "foods": 0.07553132931880165, "someone": 0.03515207464035076, "want": 0.061021460993680415, "in": 0.01863355348948546, "happy": 3.026270933281104, "recovery": 3.6156435679924113, "make": 0.029491535007328592, "also": 0.01912188344735128, "other": 0.019464989635061988, "holding": 0.01950480591004502, "you": 0.035938046315903284, "several": 0.018509617545324878, "week": 0.020486060314821405, "again": 0.02183831691982405, "insecure": -2.364368969731481, "purged": -0.5990801314678809, "relapse": -2.7897946996023517, "a": 0.019680599795810858, "i": 0.03595745732106928, "sometimes": 0.02148419604165278, "well": 0.02182243707816643, "purging": -1.0961928936460192, "thought": 0.029019020563774603, "so": 0.024338067634845483, "time": 0.02027735723908407, "y": -0.23060781673117475, "the": 0.01910148051554493, "having": 0.020789783558399746}