{"all": 0.09593813286658875, "eda": -0.4431514593860396, "relieve": -0.16444394008471383, "month": 0.08936440711720736, "four": 0.09117155555083382, "overlap": 0.2444820878817087, "go": 0.08901327223887559, "hate": -4.556627514126776, "issues": 0.12053099880203796, "dreadful": 0.03282350372402363, "relapses": -1.9776656925672913, "disorders": -1.3195199991529827, "to": 0.09066288413505352, "finally": 0.09169442902000935, "program": 0.14144452016048134, "helps": 0.09028628655347845, "sorry": 0.6574916027143903, "resources": 0.9599157778859896, "very": 0.19753070492347014, "fat": -0.4292504375701508, "vera": 0.07086227439364923, "every": 0.09271409386971123, "anonymous": 0.2043947232349343, "telling": 0.08808633220324102, "affect": 0.21549843548103823, "treating": -1.2110226166203948, "school": 0.10637584134400976, "retaining": 0.9122452037422087, "did": 0.09052729310524729, "experiencing": -0.40150539094468085, "posts": 0.24431171932103982, "try": 0.08990323640504526, "small": 0.09385312190431765, "clothes": 0.10193804495030581, "disordered": -1.7890725138533048, "tired": -1.5783384927491377, "direct": 0.12149865081297956, "past": 0.0910778908505642, "battle": 0.0869209491668924, "likely": 0.09127041475831889, "design": 0.1494372930865541, "uncomfortable": -2.177231357371954, "eating": -0.2139749473625797, "acid": -0.44657376153928396, "even": 0.09319452187025397, "what": 0.08953527508561895, "stressful": -1.2026408645004234, "sub": 0.08761369847679933, "fingers": -0.13813070709425385, "gi": -0.6058915423850603, "new": 0.09299156096102817, "falling": 0.1631092822860432, "ever": 0.09147262107274741, "body": 0.12946907972489288, "full": 0.09289738591502703, "bulimic": -2.0549060747792662, "bulimia": -1.2755342379438106, "never": 0.09199229233575214, "here": 0.09052150743341422, "vomiting": -1.0519469653362568, "knocked": 0.10072753621168418, "shouldn": -0.19604614694015066, "extreme": -0.06208631059560515, "anorexia": -1.2817859656626438, "vinegar": -0.18594456606232118, "substance": -0.5892014250381945, "healthy": 0.02835848620006997, "guilty": -0.6749013604188602, "experience": 0.10082859595382578, "amount": 0.2554574103410818, "survey": 0.3544445912794307, "diagnosed": -1.7016173075294305, "usually": 0.09215845028110414, "aka": 0.26059795227038857, "changes": 0.23551086142916533, "beautiful": 0.41178520944946106, "love": 1.1699035882070374, "apple": 0.003523742942066951, "family": 0.17682864704949894, "increased": 0.3890764746096708, "feelings": -0.45989215843664855, "brought": 0.09170005773891798, "ask": 0.08971723253708046, "semester": 0.13908570440348522, "insta": -1.6318538030400993, "names": 0.09342863476365357, "should": 0.09046479821086065, "use": 0.09115370837928342, "from": 0.09162816433720222, "working": 0.09313128252909315, "two": 0.09277286378248738, "few": 0.09310318304224877, "praised": 2.0195024747876134, "call": 0.11974775289674046, "wondering": -1.0027924064235776, "thru": -0.09082222697325296, "until": 0.09170405647951654, "today": 0.0917949429928052, "more": 0.09548899576140182, "relax": 0.25852702634346053, "started": 0.09055241243945591, "sore": -0.5327918975292678, "hold": 0.09381166510236406, "starter": -0.011597047924343908, "me": 0.08737940722803227, "intake": -0.3223017591418315, "this": 0.09383608673585568, "work": 0.0938925367504878, "reflux": -1.1693400390077848, "purge": -0.6300520672824366, "can": 0.09148238730854402, "following": 0.10449973813037827, "my": 0.08747140353320529, "def": -0.06631994663206325, "history": 0.10590339196660296, "mentee": -1.2425758942481648, "heart": -0.5500406221112168, "challenging": 0.9845318087579402, "give": 0.09087172118267314, "process": 1.228012805315131, "december": 0.09154061347569363, "share": 0.28301955484330693, "scad": -0.9489849971629316, "foods": -0.14555278599853497, "dropped": 0.13219125737804271, "want": 0.08932872190758626, "create": 0.09003039978062233, "end": 0.09124008995747303, "recovery": 5.872825486606927, "breaking": 0.08651901384338437, "how": 0.08989876807556946, "struggled": -0.23382440438890392, "panic": -1.411354180249468, "okay": 0.16379600966819197, "tried": 0.09160302422927594, "may": 0.09297528240688452, "advice": 0.12581225465244808, "after": 0.0912275845825808, "tied": 0.09272881271081634, "clumps": -0.13493808785360487, "data": 1.1916473301690553, "a": 0.0919546696757699, "stress": -0.8108635761444014, "natural": 0.18220095789137947, "waist": -0.07812121929939066, "whenever": 0.0881002063579884, "maybe": 0.08730420831629279, "appreciate": 0.5596641245075749, "purging": -1.141960784972039, "frustrated": -2.120439283024639, "so": 0.103514159720631, "subsisting": -1.1164472624511061, "addiction": -1.7195057647882073, "talk": 0.08779276985436325, "unsolicited": 0.263494788170896, "help": 0.09000973389210257, "over": 0.091388551565623, "insight": 0.28328820673881616, "years": 0.08979306982649764, "ended": 0.09097836138210044, "through": 0.09556284764323897, "looks": 0.1747650143324373, "thesis": 0.1769495721690369, "still": 0.09390765619628, "its": 0.09279223004562609, "before": 0.09111229183628904, "thank": 1.9517639483842961, "fit": 0.1127782797307338, "ll": 0.03709919524759536, "actually": 0.08872794778618268, "better": 0.09290586583034767, "thump": -0.7629934071579211, "decreased": 0.2626084267149882, "weeks": 0.08933791829232231, "happened": 0.0875038614009384, "eventually": 0.0931911028798195, "them": 0.09336371875329565, "good": 0.10177488504225254, "motivated": -0.6181833754341238, "food": -0.07145223697543303, "slate": 0.22902307896447882, "safe": 0.09454857486056949, "vomit": -0.8135800478813985, "bothering": -1.1830293596878123, "they": 0.09311173867462316, "not": 0.09175293838223803, "documented": 0.20516535330842062, "now": 0.09323326580761788, "day": 0.09008979051721026, "bread": -0.14695777514850153, "easily": 0.09416601377487528, "several": 0.09320598655709163, "always": 0.0909328175393963, "drop": 0.2865535101398221, "cider": -0.13694069854823546, "l": 0.09331432105707746, "tear": -0.05678393443120226, "each": 0.0926030168764342, "found": 0.09229871519681204, "went": 0.09017485225814631, "side": 0.09387994758770322, "lasting": 1.9362287076989995, "everyone": 0.08750387811488955, "weight": -0.3608996132512616, "doing": 0.0877171788575391, "ed": 0.1461079365244457, "yeah": 0.16196384878151265, "contracting": -0.09635212032414223, "frequency": 0.38272768295398546, "ex": 0.11803304266483032, "year": 0.08986967586501243, "substantially": 0.20321506779032705, "happen": 0.08720720960924332, "event": 0.11133956466781136, "special": 0.09502271180762115, "out": 0.09339036235228036, "anxious": -4.448094428973188, "since": 0.09067611106466725, "factory": 0.09802913785784961, "research": 0.47836212187414084, "looking": 0.07768507760424088, "re": 0.09043101899518562, "got": 0.08810444715030114, "rn": -0.33159151909875006, "induced": -0.9145664452112431, "cause": 0.05619618060857405, "insecure": -5.351213567256568, "shut": 0.09296515607308353, "guess": 0.08737469143599483, "like": 0.09164677438563916, "completely": 0.09366007100138174, "struggle": 0.050241684047394874, "members": 0.21994720288173103, "put": 0.09136270389836341, "wanted": 0.09877509121479018, "unresolved": 0.159185358762177, "couldn": -0.37539399921072036, "could": 0.09105772624158673, "calories": -0.18404272946272682, "days": 0.08940389733676535, "times": 0.09251310460175148, "thing": 0.08739039104114672, "binging": -1.2602877467802962, "w": 0.06991350399275577, "promotion": 1.2738568459496125, "think": 0.0876923060162552, "first": 0.09137015154873811, "consciously": 0.17467574819827336, "blown": 0.09179721606999111, "feel": 0.2734864412473789, "relate": 0.10221409449573923, "one": 0.09198197683025103, "rant": -5.224515191649311, "done": 0.08993813265608568, "another": 0.09208582865855568, "wasn": -0.3454185697870905, "little": 0.09319408673317771, "management": 0.26881106548273626, "silent": 0.08623498097453577, "stuck": -0.10838343287512064, "guys": 0.08742669206237909,