{"all": 0.07777339234550562, "month": 0.07741244590693674, "battle": 0.09264812559148715, "follow": 0.07915337047079664, "hate": -4.1623196793877595, "disorders": -0.4718874175226411, "description": -0.03049883448101667, "to": 0.07881219273848622, "include": 0.07750827769018646, "whack": -0.4764513708263006, "worse": 0.08048642449190237, "sitting": 0.01376393935133647, "bile": -0.22846161510990437, "fat": 0.17929440253846768, "every": 0.07858959055143228, "fall": 0.07804854516170795, "telling": 0.07315346560613824, "drinking": 0.05977145153364669, "did": 0.07906315370026153, "die": 0.02575278594755717, "try": 0.08135366731293382, "these": 0.0773792892238017, "compensated": 0.09714438735597332, "dealing": 0.10010621656502049, "past": 0.0779614382678985, "go": 0.08014217141890093, "helpless": -1.4833221716941158, "acid": -0.13352349327945875, "even": 0.07815284792262506, "what": 0.08087433220791304, "anorexic": -1.606903027253333, "fingers": 0.035123771521354694, "ever": 0.07924253407306538, "told": 0.07883801544094964, "body": 0.07620930327156246, "hasn": -0.8090274662469166, "bulimic": -1.7031749915502186, "bulimia": -0.7408923398502215, "never": 0.07877692157127146, "vomiting": -0.6271524605826977, "stopping": 0.08017230187560234, "alone": 0.07991256097709742, "november": 0.0774141192734853, "sending": 0.07078841404255161, "shove": -0.24411834279723818, "battling": 0.19875609231417576, "healthy": 0.9011368075537273, "study": 0.1798793296112603, "completely": 0.07893232910553356, "amount": 0.08039146726244213, "diagnosed": -1.1389672162049889, "weird": 0.06224243588483305, "makes": 0.07967953333570804, "love": 0.9968703706672524, "from": 0.07834288848834518, "would": 0.0785163951300946, "pulling": 0.08000394719327622, "by": 0.07854537151876646, "few": 0.0775753224468872, "live": 0.08846345543964379, "wondering": -0.5749976436980162, "until": 0.07781817883145681, "today": 0.07910979758037145, "more": 0.07778243865893623, "sort": 0.08152586438213884, "knows": 0.08131293245561955, "started": 0.07829869353798442, "acceptable": -0.09125554795342648, "conducting": 0.2758651311767107, "hurt": 0.09319665362823429, "sore": 0.03586211164508878, "stick": 0.07558925925106492, "ashamed": 0.002097776674993294, "me": 0.08469064483991184, "talks": 1.0576255209996, "tunnel": 0.0867535124146572, "work": 0.07923475809511098, "purge": -0.7141086695575012, "can": 0.07900462736550543, "making": 0.07856259301589286, "my": 0.09242216834579269, "process": 1.0315162292233082, "expanding": 0.1689116322372496, "suggestions": 0.07718915092678771, "bene": -0.32819121301016646, "something": 0.08175188628863439, "want": 0.08060974246938031, "keep": 0.08045772268397629, "huge": 0.07885290363887518, "needs": 0.07944193496684115, "end": 0.07836285154250458, "recovery": 5.765529284229876, "drained": -0.7023456577405139, "how": 0.08080083057638641, "struggled": 0.11826675998589689, "hopeless": -1.6465139076748478, "tried": 0.09962111832534581, "may": 0.07810770141799638, "max": 0.18607365464788614, "insecure": -4.985488717818606, "induce": -0.3559013909704685, "coming": 0.07961136805151181, "a": 0.07826614525560466, "realized": 0.08109755276073095, "short": 0.07829738329867768, "whenever": 0.08093665625495923, "maybe": 0.0837485242327018, "purging": -0.46551099672178353, "so": 0.07919898683785605, "keeps": 0.08835210029415413, "acknowledges": 0.17481371707995186, "talk": 0.07368854319290599, "help": 0.07918270935539369, "over": 0.07778200237243128, "years": 0.07768617930556973, "episodes": 0.004780848596702858, "through": 0.07815266418643284, "mentioned": 0.07817592525961953, "still": 0.07832084866330201, "its": 0.07823792035882081, "before": 0.07825020375548201, "personal": 0.10111580191662613, "recognised": 0.060576680342409574, "actually": 0.0805774137400784, "happened": 0.08137933484129727, "then": 0.07817414318220726, "them": 0.07834395652495058, "good": 0.08072783960306483, "remission": -1.3192702755507688, "food": 0.10077781084989819, "socially": -1.5054214327591342, "therapy": -0.2720610525130185, "they": 0.07853406179616436, "not": 0.078311711012077, "now": 0.07862731821149362, "day": 0.07801778018954267, "articles": 0.06874380698420605, "always": 0.08109188251859152, "university": 0.1661435077402323, "nauseous": -1.62013688595521, "habits": 0.0867570035013373, "profusely": -1.0903176825944905, "each": 0.07774711201770676, "found": 0.07832551241446538, "weight": 0.10969861062419177, "ed": 0.07946489650391084, "yeah": 0.08430394288951505, "our": 0.0813383011053635, "beyond": 0.08916496911116673, "out": 0.07881897862690168, "category": 0.17444825025233007, "anxious": -3.7083053108896245, "gon": -0.4125145793528035, "funding": 0.8729718293929852, "space": 0.1558479381005758, "since": 0.07739399137797572, "research": 0.8195354237664882, "participants": 0.08788929865136785, "stupid": 0.08182835096705476, "got": 0.08996849258974539, "rn": -0.4372810876910229, "induced": -1.0693433412395126, "cause": 0.26770578674427237, "red": 0.0778230074387479, "gagging": -0.89337854082836, "free": 0.07894361158628421, "reason": 0.07956641394792656, "california": 0.16950721682264017, "struggle": 0.09895685659379394, "put": 0.07864054191569926, "wanted": 0.08152894229212307, "beginning": 0.07784129817889104, "ate": 0.06409334146983768, "adolescent": -0.1278256333421897, "could": 0.07833986337030581, "times": 0.07767258085477778, "binging": -0.9800384472462679, "messaged": -1.671839415162914, "loud": -0.5633864349566524, "think": 0.08338357410638532, "there": 0.07844211936963554, "feel": 0.26227075452578386, "relate": 0.07177670679820823, "one": 0.0781120346475822, "embarrassed": -0.6431597711790957, "rant": -4.94788214315266, "done": 0.08091366912572197, "nutritionist": -0.47821336535776415, "message": -0.00940016213757648, "given": 0.07807121267717929, "girls": 0.16731662024801258, "least": 0.07762734253596691, "anyone": 0.08103237613341786, "their": 0.07938273496763341, "toi": -0.6862908560241291, "too": 0.07874171555975426, "nutrition": 0.09329460229053463, "stomach": -0.2692463216035121, "that": 0.07841896070554669, "brains": 0.16423273671878869, "nobody": 0.08169334972263975, "part": 0.07808520685543059, "than": 0.07795784999769866, "boyfriend": 0.17088670997283248, "kind": 0.0815316548819574, "depressed": -5.023237189425685, "guilt": -4.08765000739238, "supposed": 0.07948741931813832, "light": 0.07790375636432494, "feeling": 0.8798851857727982, "anyways": -1.6390636350014498, "and": 0.0776506557103027, "say": 0.07978062464861106, "have": 0.07771101649706334, "need": 0.07987072019088162, "seen": 0.07846239764870044, "seek": 0.07910999675435876, "any": 0.07918822199807633, "relapse": -4.660274206489775, "subtype": -0.7490565590828887, "self": 0.08875967751135445, "able": 0.07867551805610333, "mid": 0.0775815530975626, "also": 0.07761435505092845, "chest": -0.07514844532500137, "which": 0.07794512272196097, "online": -0.001993752768185363, "honestly": 0.08350265008774418, "normal": 0.16469216383547805, "who": 0.07802528974885686, "most": 0.07765091913972073, "experiences": -0.0032027312194212957, "eaten": 0.05734141667469959, "nothing": 0.08143514587289344, "why": 0.08055682010643929, "forever": 0.18699748432474045, "episode": 0.17298461286435332, "considered": 0.0777948758868629, "medical": -0.05939886819033809, "sometimes": 0.07847069978693898, "m": 0.13136100460727757, "definitely": 0.09960652152493421, "hear": 0.010383105937988992, "therapist": -0.23336864807530744, "tempted": -1.169993449725436, "find": 0.07972517429819272, "should": 0.07884932000409021, "failed": 0.28513871329730006, "only": 0.07832569716049485, "going": 0.0809384680276232, "knuckle": -0.9215599635440638, "do": 0.08036442603111439, "horrible": 0.03246563603833122, "stop": 0.07979072217224215, "fluid": 0.1112607435704543, "feels": 0.8736215929939902, "ones": 0.07738831568608151, "probably": 0.08015745456192447, "bay": 0.09505751158071037, "twice": 0.07776739412316738, "bad": 0.08071111183796688,