{
    "family": 0.3333333333333333,
    "narrator": 0.2791666666666667,
    "doctor": -1.0,
    "medical_prof": -1.0,
    "reader": 0.008333333333333331
}