{
    "reader": 0.3584299884550282,
    "narrator": -0.3421867661640816,
    "family": 0.03579386796778102,
    "ED": -0.5405585106382979,
    "ex_SO": -0.6487542087542087,
    "food": -0.6007871454592766,
    "therapist": -0.20218253968253969,
    "medical_prof": -0.20839793281653748,
    "nurse": 0.0,
    "SO_male": 0.284021164021164,
    "SO_any": 0.20377796342708623,
    "doctor": -0.20391156462585036,
    "SO_neutral": 0.2222222222222222,
    "SO_female": -0.0901875901875902,
    "friend": -0.06655753968253968
}