{
    "reader": 0.15211520114068836,
    "narrator": 0.11952440961728888,
    "family": 0.2967871017871018,
    "food": 0.27775041050903115,
    "ED": 0.4932598039215687,
    "therapist": 0.06351851851851852,
    "medical_prof": 0.2968137254901961,
    "SO_male": 0.2808465608465608,
    "SO_any": 0.20904299991601577,
    "SO_neutral": 0.0843137254901961,
    "ex_SO": 0.22782369146005507,
    "SO_female": 0.12788600288600288,
    "friend": 0.17845537586103621,
    "doctor": 0.5533333333333333,
    "nurse": 0.5
}