{
    "reader": 0.29636418958835675,
    "narrator": -0.2915126113022033,
    "family": 0.028785278435628087,
    "ED": -0.5132575757575758,
    "ex_SO": -0.5838787878787879,
    "food": -0.5771341082364705,
    "therapist": -0.10292929292929294,
    "medical_prof": -0.13275720164609056,
    "nurse": 0.0,
    "SO_male": 0.22090534979423865,
    "SO_any": 0.14891466558133226,
    "doctor": -0.15371794871794872,
    "SO_neutral": 0.14814814814814814,
    "SO_female": -0.06200396825396824,
    "friend": -0.04870063879210221
}