{
    "reader": 0.1893335555637863,
    "narrator": 0.32103710853710854,
    "family": 0.40932310114128295,
    "food": 0.5155172413793103,
    "ED": 0.6873249299719887,
    "therapist": -0.027777777777777797,
    "medical_prof": 0.29901960784313725,
    "SO_male": 0.3591156462585034,
    "SO_any": 0.26233938019652303,
    "SO_neutral": 0.1323529411764706,
    "ex_SO": 0.2775974025974026,
    "SO_female": 0.1553030303030303,
    "friend": 0.25414046121593287,
    "doctor": 0.638888888888889,
    "nurse": 1.0
}