{
    "SO_male": 0.6666666666666666,
    "SO_any": 0.4375,
    "friend": 0.2608695652173913,
    "family": 0.4902597402597403,
    "ex_SO": 0.6923076923076923,
    "SO_female": -0.3333333333333333,
    "reader": 0.1837322695035461,
    "food": 0.6153846153846154,
    "narrator": 0.24249512670565304,
    "ED": 0.8947368421052632,
    "therapist": 0.4583333333333333,
    "medical_prof": 0.6710526315789473,
    "doctor": 0.72,
    "SO_neutral": 0.0
}