{
    "SO_male": -0.023809523809523808,
    "SO_any": -0.10714285714285714,
    "friend": -0.10507246376811595,
    "ED": -0.5130952380952382,
    "family": 0.28316326530612246,
    "narrator": -0.2882383536861149,
    "reader": 0.31741145495674483,
    "ex_SO": -0.44666666666666666,
    "SO_female": -0.25,
    "food": -0.5038128538128538,
    "therapist": 0.12222222222222222,
    "medical_prof": 0.018429487179487173,
    "doctor": 0.04779411764705882,
    "nurse": -0.3333333333333333,
    "SO_neutral": -0.5
}