{
    "SO_male": -0.045454545454545456,
    "SO_any": -0.17647058823529413,
    "friend": -0.15104166666666666,
    "ED": -0.5525641025641026,
    "family": 0.42045454545454547,
    "narrator": -0.3329649947753396,
    "reader": 0.3686068509175101,
    "ex_SO": -0.47183098591549294,
    "SO_female": -0.3333333333333333,
    "food": -0.5416935195130683,
    "therapist": 0.18333333333333332,
    "medical_prof": 0.029040404040404037,
    "doctor": 0.08552631578947369,
    "nurse": -0.3333333333333333,
    "SO_neutral": -0.5
}