{
    "SO_male": 0.5555555555555555,
    "SO_any": 0.35416666666666663,
    "friend": 0.25362318840579706,
    "family": 0.4504329004329004,
    "ex_SO": 0.5512820512820512,
    "SO_female": -0.3333333333333333,
    "reader": 0.1319692564604683,
    "food": 0.42527472527472526,
    "narrator": 0.11180961663417803,
    "ED": 0.7456140350877193,
    "therapist": 0.40277777777777773,
    "medical_prof": 0.581140350877193,
    "doctor": 0.6433333333333334,
    "SO_neutral": 0.0
}