{
    "ED": -0.6152482269503546,
    "narrator": -0.20897473323460167,
    "reader": 0.3346255596255596,
    "family": 0.04302573126761254,
    "food": -0.5890566143812898,
    "doctor": 0.24999999999999994,
    "medical_prof": 0.3269230769230769,
    "ex_SO": -0.4861111111111111,
    "SO_male": 0.14102564102564105,
    "SO_any": 0.010683760683760682,
    "friend": -0.0312616127833519,
    "SO_female": -0.3333333333333333,
    "nurse": 0.8333333333333334,
    "therapist": 0.22222222222222224,
    "SO_neutral": 0.0
}