{
    "ED": 0.19444444444444445,
    "family": 0.38909400123685833,
    "narrator": 0.26996252204585536,
    "food": 0.5442028985507246,
    "doctor": 0.3333333333333333,
    "medical_prof": -0.017857142857142856,
    "reader": 0.19199346405228757,
    "ex_SO": 0.3333333333333333,
    "SO_male": 0.28125,
    "SO_any": 0.29545454545454547,
    "friend": 0.3298245614035088,
    "nurse": 0.0,
    "therapist": -0.6,
    "SO_female": 0.0,
    "SO_neutral": 1.0
}