{
    "ED": 0.5075757575757577,
    "family": 0.2940058981588587,
    "food": 0.201357733175915,
    "doctor": 0.3333333333333333,
    "medical_prof": 0.006944444444444438,
    "narrator": 0.10950803427007236,
    "reader": 0.13214130096483037,
    "ex_SO": 0.3055555555555555,
    "SO_male": 0.24615384615384617,
    "SO_any": 0.3186813186813187,
    "friend": 0.27657585470085466,
    "therapist": -0.4666666666666667,
    "SO_female": 0.0,
    "SO_neutral": 1.0
}