{
    "narrator": -0.2641939765024376,
    "reader": 0.39391589969321067,
    "food": -0.6367526193613151,
    "family": -0.047795235953130705,
    "doctor": 0.23333333333333334,
    "medical_prof": 0.39166666666666666,
    "ED": -0.6314814814814815,
    "ex_SO": -0.6935483870967742,
    "SO_male": -0.18696581196581197,
    "SO_any": -0.3031135531135531,
    "friend": 0.03839476495726499,
    "SO_female": -1.0,
    "nurse": 0.8333333333333334,
    "therapist": 0.5555555555555556
}