{
    "ED": -0.6046099290780143,
    "narrator": -0.2426898156243322,
    "reader": 0.3628172760332203,
    "family": -0.03740496726766751,
    "food": -0.5858124098124099,
    "doctor": 0.19444444444444442,
    "medical_prof": 0.30128205128205127,
    "ex_SO": -0.6323529411764706,
    "SO_male": -0.14022435897435898,
    "SO_any": -0.19289044289044288,
    "friend": 0.027923465423465424,
    "SO_female": -0.5,
    "nurse": 0.8333333333333334,
    "therapist": 0.2777777777777778,
    "SO_neutral": 0.0
}