{
    "ED": 0.36363636363636365,
    "family": 0.31187432359307365,
    "food": 0.5568181818181818,
    "doctor": 0.4523809523809524,
    "medical_prof": 0.020833333333333332,
    "narrator": 0.309549138804458,
    "reader": 0.15611111111111112,
    "ex_SO": 0.27777777777777773,
    "SO_male": 0.3833333333333333,
    "SO_any": 0.41666666666666663,
    "friend": 0.396577380952381,
    "therapist": -0.6,
    "SO_female": 0.0,
    "SO_neutral": 1.0
}