{"burdening": -0.5251924880947411, "protruded": -0.09017620181974492, "lack": -0.20441436142978084, "fairness": -0.019499527751241127, "go": 1.3224180013323903, "amplified": -0.21951682737189396, "creative": -0.051625845413447384, "hate": -4.595693471823102, "issues": -0.11050780558995339, "apartment": -0.1385534973425241, "disorders": -0.007711659414569908, "burnout": 0.8222521899389914, "father": -0.2556234994928135, "finally": 0.4590795275320849, "sorry": 0.10423897232227379, "enjoying": 0.8302350268099881, "veterans": -0.20883887043841437, "sent": 0.34238155276477533, "cruising": 0.6882395187085611, "advantage": 0.3538326773725429, "fat": -0.22189396367704614, "every": -0.27791355842410065, "drinking": 0.2379790868278164, "entire": 0.2029104215891075, "school": -0.11828375434467964, "heaven": -0.050752062515689714, "mothers": 0.29368294803471356, "laying": 0.2872311770527986, "joined": -4.095726730513174, "try": -0.2118625541260097, "dealt": -0.6108161693172409, "commented": -0.2295945012223005, "clothes": -0.02509917823379058, "force": 0.3219258288286568, "guidelines": 0.376035771266546, "battle": 0.04127413170519838, "comforting": -0.26267147657136747, "even": -0.1316494915962072, "sun": 0.5624587558048264, "section": -0.011064445903331048, "dcf": 0.25961710510052427, "new": -4.095726730513174, "ever": -0.16962042836365376, "filled": -0.44387997743307633, "body": -0.08819511077856061, "kicked": -0.21710794950190734, "chins": 0.09899563404694153, "loose": -0.2702762356741985, "following": 0.33098763854135116, "let": 0.7083463002112204, "obsessing": 0.592894416131197, "others": 1.4604339615282975, "strong": 0.35145271631802566, "great": 0.4107496806506356, "kids": -0.1522010414051801, "healthy": 0.5001767945230026, "bruises": -0.16046812129310917, "guilty": -0.746973654129909, "credit": -0.32738180070662937, "amount": 0.2929793306856863, "crumbled": 0.5863507957601044, "usually": 0.1095845820635598, "punishment": -0.18647047044473253, "love": 0.8546553972311839, "family": 0.50910041019699, "win": -0.25625405243496197, "grade": -0.10187524512961828, "ask": -0.1554335568327703, "names": -0.4152317840038894, "eye": 1.133825085458983, "would": 0.1501816129097679, "hospital": 0.16260891343383083, "two": -0.2761899329893225, "live": -0.20549816402611054, "https": -0.18283198361753183, "tell": -4.095726730513174, "today": -0.245992390341696, "introducing": 0.4546597340281126, "posting": 0.41889508763123967, "started": 0.2708886470102447, "adult": 0.2683416324852942, "women": 0.28250382488436454, "high": -0.19023745773301648, "car": -0.21403665377152425, "work": 0.28452707093025326, "obvious": -0.35137045609318057, "thin": -0.1462167496749113, "growing": -0.8346131917370376, "example": -0.038837427332963734, "something": 1.4110911908942045, "meant": 0.3270421604990667, "give": -0.5942857830406679, "share": 1.0559424983318326, "topic": 0.13768217148600956, "claimed": -0.33500517720502665, "numbers": -0.22158396159742355, "want": 0.22855466659868173, "bones": -0.15535635515828045, "counting": 0.5022558139609706, "information": -0.5775731359929114, "end": -0.17273724158423834, "recovery": 2.538787540959024, "get": 0.8034943796489198, "toxic": 0.3058237231620228, "struggled": 0.040474177717952975, "beach": 0.28364142053314884, "plans": 0.13605273222831182, "mess": -0.3751083340114588, "advice": -0.037001824175744664, "abuse": -0.07006640903067203, "guys": -4.095726730513174, "tomato": -0.3472190911285134, "realized": 0.803245559825382, "imagery": 0.053076264993154945, "conscious": -1.0486990687129099, "subreddits": 1.1895656791808873, "appreciate": 0.10271790007458834, "corona": 0.1275546515222776, "ibiza": 0.6799033345226173, "dread": -0.44836983070590253, "allow": 0.5450645913491858, "things": 0.559683126443938, "worst": 1.515930049616712, "talk": -0.040208168916018305, "breaking": -0.033587453356861675, "help": 1.4527453656345062, "satisfied": 0.13898717032026106, "years": 0.12829031377579164, "ended": 0.4238664668355998, "still": 0.9277756873663212, "lovelies": -0.0030684734039152285, "perfect": -0.5127316720208723, "group": 0.7889038888713114, "thank": -0.24602440202663936, "somewhere": 1.3283913588391627, "actually": -0.6782686604169073, "better": 1.1710957141328533, "platform": 0.3916595472731064, "lt": 0.23494358541853952, "holiday": -0.06712351740321162, "might": -4.095726730513174, "easier": 0.33535358778333374, "good": -0.0318657870958988, "food": 0.3243461016874401, "safe": 0.3082225975546091, "introduce": -4.095726730513174, "break": 0.783400914032102, "mention": 0.6003045295061594, "kid": 0.08550328331456675, "half": 0.20498542921002572, "one": 0.6602011909664046, "bullshit": -0.2830373500849119, "name": 0.1596896374543557, "always": 0.43286245813257324, "habits": -0.16087284519245457, "went": 0.06904531081836247, "em": -0.17447985700648186, "everyone": -0.26969953505432936, "weight": -0.12578375691807067, "due": 0.06144979335375225, "hard": 0.29185887915343256, "idea": -4.095726730513174, "related": -0.20133222841317652, "brother": -0.2132165993991631, "year": -0.14457040857670544, "really": 1.5080136597923248, "leave": 0.1242916116157558, "since": -0.06740398416599172, "looking": 0.363076102184044, "may": 0.6070551937449418, "health": 0.09069516411551753, "suggesting": -0.47790664957889295, "got": -0.2780434259355138, "cause": -0.1590699009543824, "protruding": -0.11161906542324408, "little": -4.095726730513174, "free": 1.214172956027539, "reason": 0.2230867516533486, "struggle": 1.4180648431350973, "members": -4.095726730513174, "put": -0.1313447692665131, "wanted": 0.6847628310768872, "shortest": 0.7683894468628234, "care": -0.2776773700108343, "created": -0.15480111336099814, "flare": -0.12024254795368172, "could": 1.149607399100053, "calories": 0.7808202939096195, "days": -0.3136664542322413, "covid": 0.39458450964053127, "times": 0.099336948366029, "thing": -0.515044960828217, "place": 1.2702931782669906, "binging": -0.03160065749327398, "think": -0.005416484950714191, "first": -0.35332914282745403, "already": 0.9801037427208072, "feel": 0.26894026935869203, "hearing": 0.08889198854015737, "rant": -5.102640458020235, "done": 0.1292112852409762, "specifically": 0.5890054064427485, "delicious": 0.576118239606477, "tomorrow": 0.42018987033836425, "guess": 0.3177888150620861, "introduction": -0.5949113038226974, "euphoric": -0.22684092697774522, "realistically": 0.557818535131886, "anyone": -0.39798155139035835, "wonderful": 0.40356964828570685, "perfectly": 1.07072570813694, "lot": 0.5423688103223732, "relationship": -0.21974999634627498, "helpful": -0.021240342742130634, "took": 0.4482236400525485, "kind": 0.33044845718593135, "grew": -0.20136061073735614, "unfortunately": 1.2822396157051064, "surrounding": -0.41493435472120427, "gotten": 0.21671481888355462, "determined": 0.06504339578405681, "guilt": -4.766734643349715, "feeling": 0.02921050591780722, "collecting": -0.08955784509071288, "enforced": 0.1753373147016498, "bisexual": -0.2706709353570356, "reassuring": -0.1496238050788353, "say": 0.27885182099842376, "substantial": 0.42931934914483366, "ans": 0.30498691299812997, "need": 1.375820740716681, "seek": 1.2322265052311696, "clearly": -0.393579487810993, "forced": 0.266692726910423, "afraid": 0.9755490792632124, "relapse": -3.659905734822165, "able": 0.7665872424648504, "aside": -0.21736292359027568, "also": 0.06777980230999493, "niece": -0.35191760093542934, "finding": 0.8322690992984982, "younger": -0.18660786033029228, "though": 0.4431954305469624, "track": 1.5251002562138776, "reach": 1.2850946710108266, "plan": 0.19541835890206274, "significant": -0.11361362498449006, "panic": -0.4002139350961985, "responder": -0.2941813593116052, "triggering": -0.030707790629133494, "fact": 0.2534761569868836, "sexist": -0.15230128209975885, "subreddit": 0.11217172910540453, "participate": -0.5945570306927241, "find": 0.4970584223460903, "grotesque": 0.47231694415495046, "enough": 0.4857998027200701, "going": 1.5024829430813116,