{"eda": -0.13686557140286246, "relieve": 0.11522166211264935, "month": -0.16213314832593828, "four": -0.17636569258908333, "comments": 0.3864488541184644, "go": -0.070008199504568, "hate": -11.097633376905328, "gi": -0.04842694521743511, "dreadful": -0.06803210764334525, "disorders": -0.1424125343943307, "finally": 0.027997666243900265, "program": -0.041847433658938685, "helps": -0.23559623468305274, "sorry": 0.03316292616124798, "resources": -0.15733512123226884, "fat": 0.003751101766782722, "vera": -0.18362919535417946, "every": -0.13207970872733735, "anonymous": -0.08170997371451749, "telling": 0.3985060445657849, "affect": -0.11130818926631206, "treating": -0.046170525206918854, "school": -0.13027636188267167, "tear": 0.024630210488197087, "experiencing": 0.5574328907686874, "posts": -0.11736138417058013, "try": 0.3937768967734535, "small": 0.6198523910737375, "clothes": -0.3020628516006464, "disordered": -0.09531066228203364, "tired": -0.1302125105574044, "direct": -0.05444353050754109, "past": 0.7867781183638636, "battle": 0.9147773988741215, "likely": 0.6834123512491739, "design": 0.5494292274713852, "uncomfortable": -0.26384188213597093, "eating": -0.12612519391390947, "acid": 0.43111345397478684, "even": -0.014432489902857152, "stressful": 0.6105161522406422, "sub": 0.48687867625683634, "fingers": -0.1709065744713671, "issues": -0.1354115123501811, "new": -0.09143738486896323, "tips": -0.1570410567454534, "racing": 0.519209201766174, "body": -0.17333738875766722, "full": 0.049503761953930185, "bulimic": 0.7798239312915197, "bulimia": 0.6765803793838943, "never": 0.06828197319198612, "vomiting": -0.1242244473798499, "following": 0.11966789558730387, "extreme": 0.06515206017392625, "vinegar": -0.2347886134086065, "substance": -0.003913422747258465, "healthy": -0.08397935875130023, "guilty": -0.15006549699949592, "experience": 0.028478262008737612, "amount": 0.7911247234737555, "survey": 0.3493762817479825, "mentor": 0.002891634739774982, "usually": 0.37409118859650486, "aka": -0.1510100374031944, "makes": -0.008122866422013012, "beautiful": 0.508568433947995, "love": -0.19407307969123846, "apple": -0.08868382045763845, "family": 0.5148705587413757, "redditrequest": -0.04109455174294169, "feelings": -0.17126271588233585, "brought": -0.1771909006384179, "put": -0.14929464317994404, "semester": -0.025027846000987678, "insta": 0.35893916955350863, "names": -0.14741236595606652, "use": -0.1218243522273344, "working": 0.7632427609544304, "negative": 0.6360282866562198, "throw": -0.02797627322226749, "praised": -0.10826759189049087, "call": 0.5245085580803268, "wondering": 0.22216458568514785, "thru": -0.019760616631964944, "tell": -0.19277233179378486, "today": 0.5497182978902668, "relax": -0.1585196678908048, "started": -0.10399678695400409, "sore": 0.10814284458353138, "hold": 0.6748348960636144, "starter": -0.02031991114523805, "intake": 0.5931596318242437, "work": -0.23963792382244062, "reflux": -0.1390204795809909, "purge": 0.481933262017865, "knocked": 0.1096208345609645, "def": 0.0872511249202273, "history": 0.7006108209095717, "mentee": -0.11394801647556516, "heart": 0.5038066564226605, "challenging": 0.47058598655853734, "give": -0.2534222693982902, "process": 0.8248470894372375, "december": 0.620074167585293, "share": -0.016381568861656273, "scad": 0.5581956308511851, "foods": 0.2197407552194974, "something": -0.1277460352830271, "want": -0.3165127904208883, "end": 0.6172040874040869, "recovery": 3.117476436678474, "breaking": 0.3964797079282375, "numerous": -1.8179990826357597, "struggled": -0.11313840040748745, "panic": 0.550346798248299, "okay": -0.23187101663434392, "tried": 0.018455601216198263, "may": -0.12216315549964733, "advice": -0.20795661313447303, "tied": -0.24157248995292, "clumps": -0.008735841572493271, "per": -0.05820467837245117, "data": -0.11401963301127845, "stress": -0.049128866340974395, "natural": -0.10989283816431454, "waist": -0.009108115688625061, "whenever": -0.17258982542509974, "maybe": -0.005223409922218429, "appreciate": 0.022147437557335184, "purging": -0.09124418512766456, "subsisting": 0.13432318196254447, "addiction": -0.027355808169418003, "talk": -0.13865462769161185, "unsolicited": -0.18089508819002004, "help": -0.055271064587541496, "insight": 0.013006877961538283, "years": 0.7859025325867962, "brain": -0.16970302798153364, "looks": -0.26500665564654796, "thesis": 0.09724720084648039, "still": 0.6615370620312664, "thank": -0.05355175240320619, "fit": -0.06296139525139895, "actually": -0.22442682703660488, "better": -0.18807715915789905, "thump": 0.6459375899044725, "decreased": 0.12856655221377486, "weeks": -0.2032364611430582, "happened": -0.13519784912689692, "eventually": 0.4429901509199584, "good": 0.4185798059802285, "motivated": -2.210948582871908, "food": 0.41788986214965823, "slate": -0.007157304358712526, "safe": -0.03391041611915241, "vomit": 0.7198152112469546, "bothering": 0.018525796542527413, "documented": -0.006192249217718002, "day": -0.1158404288106917, "bread": -1.9523885047682077, "easily": 0.2972867810807, "always": 0.39066652145428854, "drop": -0.09454659121588462, "cider": -0.11110966674106315, "found": 0.10459483302276844, "went": 0.048559428501900086, "meal": -0.19088532407286415, "lasting": 0.5448257891958849, "everyone": 0.16441165031421254, "weight": -0.275714991119904, "ed": 0.024785420216641766, "yeah": 0.4289197537498269, "contracting": 0.6335074707526142, "frequency": -0.06672116843419547, "sponsor": 0.0749010951388825, "year": 0.6778517641592988, "substantially": 0.7210156688110807, "happen": -1.806531246944119, "event": -1.7642706952562408, "special": -0.03459629331588634, "really": -0.03572163041261674, "anxious": -11.90857993935097, "since": 0.587163666683956, "factory": -0.034506456805538425, "research": -0.14224831007512276, "looking": -0.06301742087620794, "got": -0.16012373905618119, "rn": -0.13399574769791323, "induced": -0.08322160385278532, "cause": -0.027049224799468814, "shut": -1.6656922050599037, "little": -0.1354927034345203, "completely": 0.10491744461151148, "struggle": -0.11426109556792306, "members": -0.025961246094713713, "ask": -0.10189743044373223, "wanted": 0.09738777973558614, "unresolved": -0.22748920859350794, "comfy": -0.22726906439558828, "could": 0.38446881538582506, "calories": 0.48695005390791357, "days": 0.9652486045489526, "times": 0.33175606274826946, "thing": -0.22909160359095856, "binging": 0.1787490320583136, "promotion": -0.043294298781387616, "think": -0.08354594373874065, "first": -0.014498583805240597, "insane": -0.023329851890726856, "blown": 0.5037179324284751, "feel": -0.23528814633447037, "relate": -0.08721790417592996, "one": -0.1067954588111974, "done": -0.1539370896298676, "another": -0.08089795763169833, "guess": -0.016429525154101912, "management": 0.8187927552527613, "silent": -0.04207162021484382, "start": -0.12429737485591622, "guys": -0.1617463482714845, "system": -0.16537352948432138, "least": -0.18437038813933587, "anyone": -0.02077047634076234, "ton": -0.1935658684643997, "percentage": -0.04909839851243798, "cycle": -0.06120980321751684, "friend": -0.20070353823797327, "eyes": 0.13542299017474582, "stomach": 0.8144017601010434, "way": -0.05678561807836291, "relationship": 0.009595024445827265, "cope": -0.09581026649130879, "part": -0.055841363368239506, "overwhelming": 0.36668563450429664, "appreciated": -0.23923633489913576, "symptom": 0.5155879918157497, "kind": -0.171845286445126, "anxiety": 0.02175911632540981, "feeling": 0.6611333995845806, "treated": 0.5327434746315979, "illness": -0.18785994524123936, "mind": 0.3743128080552626, "talking": 0.4880379804657232, "need": 0.126939006463327, "seen": -0.24010651297992897, "mostly": 0.6104103996976179, "self": 0.008342530447357756, "also": -0.025632715757376447, "fitting": -0.13119236084123867, "without": -0.09951866117517459, "interior": 0.7643519096443699, "wanting": -0.13133772258664014, "circles": -0.1579242363770513, "urge": 0.003731780562664692,