{
    "reader": 0.19994476916620985,
    "narrator": 0.2912683688193892,
    "family": 0.31306666666666666,
    "food": 0.3607142857142857,
    "ED": 0.5198148148148148,
    "therapist": -0.03899835796387522,
    "medical_prof": 0.28131115459882583,
    "nurse": 0.5,
    "friend": 0.24632660183507643,
    "SO_male": 0.3240988480118914,
    "SO_any": 0.2500795710886561,
    "SO_neutral": 0.10784313725490194,
    "ex_SO": 0.23489010989010992,
    "doctor": 0.5180180180180181,
    "SO_female": 0.20746753246753247
}