{
    "reader": 0.2946679898102335,
    "narrator": -0.24863988156423003,
    "family": 0.001605986605986615,
    "ED": -0.5154246794871795,
    "ex_SO": -0.5201686678101772,
    "food": -0.5773394930111347,
    "therapist": -0.15779727095516569,
    "medical_prof": -0.14013687600644123,
    "nurse": 0.2,
    "SO_male": 0.1219001610305958,
    "SO_any": 0.08373346560846562,
    "doctor": -0.15391414141414142,
    "SO_neutral": 0.15789473684210525,
    "SO_female": -0.11929563492063493,
    "friend": -0.048565691336775685
}