{
    "narrator": 0.33796296296296297,
    "ED": 0.5875,
    "reader": 0.24522005772005773,
    "family": 0.453125,
    "doctor": 0.5,
    "medical_prof": 0.375,
    "food": 0.4722222222222222,
    "ex_SO": 1.0,
    "SO_male": 0.3333333333333333,
    "SO_any": 0.0,
    "friend": 0.375,
    "therapist": 0.5,
    "nurse": 0.0,
    "SO_female": -1.0
}