{
    "narrator": -0.1759430176565008,
    "ED": -0.4264705882352941,
    "food": -0.5794354838709677,
    "SO_male": -0.6666666666666666,
    "SO_any": -0.4,
    "reader": 0.18334911616161617,
    "family": 0.013157894736842094,
    "doctor": -0.4696969696969697,
    "medical_prof": -0.3444444444444444,
    "ex_SO": -0.4642857142857143,
    "therapist": 0.0,
    "friend": -0.10416666666666669,
    "SO_female": 0.0
}