{
    "SO_neutral": -0.038244491826581385,
    "SO_any": 0.06542201281256864,
    "narrator": -0.2714526248270884,
    "doctor": -0.17491666666666666,
    "medical_prof": -0.13323240664281127,
    "ex_SO": -0.4458716928413898,
    "friend": -0.16229860626181697,
    "food": -0.5647944281607647,
    "reader": 0.3092201330202227,
    "SO_male": 0.10571731258150104,
    "family": -0.05474104728880549,
    "ED": -0.4698030374940674,
    "therapist": -0.07955822446972888,
    "nurse": -0.02857142857142857,
    "SO_female": -0.047619047619047616
}