{
    "narrator": 0.33901114317780984,
    "SO_neutral": 0.2449760407307577,
    "SO_any": 0.30547714798563697,
    "SO_female": 0.13333333333333333,
    "friend": 0.3683039398756521,
    "doctor": 0.512719298245614,
    "medical_prof": 0.5261873692495702,
    "ex_SO": 0.3386850152905199,
    "SO_male": 0.3367792706197312,
    "reader": 0.13604304158101627,
    "food": 0.3662674650698603,
    "family": 0.32656353547442657,
    "ED": 0.5137254901960784,
    "therapist": 0.49263570250412353,
    "nurse": 0.46825396825396826
}