{
    "SO_male": 0.30952380952380953,
    "SO_any": 0.26131588999236055,
    "friend": 0.33765976087404653,
    "family": 0.4161727161727162,
    "ex_SO": 0.3778409090909091,
    "SO_female": 0.13952020202020202,
    "reader": 0.18168891616797098,
    "food": 0.4247967479674797,
    "narrator": 0.238507326007326,
    "ED": 0.6458333333333334,
    "doctor": 0.7127450980392157,
    "medical_prof": 0.5640522875816993,
    "therapist": 0.4055555555555556,
    "nurse": 0.75,
    "SO_neutral": 0.0
}