{
    "SO_male": 0.07594417077175698,
    "SO_any": 0.09817647567193846,
    "friend": 0.033043404143266494,
    "ED": -0.47888888888888886,
    "family": 0.1888170196873904,
    "narrator": -0.2458720255779079,
    "reader": 0.3160171323214802,
    "ex_SO": -0.4292429792429793,
    "SO_female": 0.17138752052545156,
    "food": -0.47337220602526725,
    "therapist": -0.022222222222222223,
    "medical_prof": 0.0641295862607338,
    "doctor": 0.15375,
    "nurse": -0.15,
    "SO_neutral": 0.16666666666666666
}