{
    "narrator": -0.23336147841020796,
    "reader": 0.35811577964519137,
    "family": -0.034126984126984145,
    "food": -0.6329081632653061,
    "doctor": 0.26666666666666666,
    "medical_prof": 0.3541666666666667,
    "ED": -0.6557971014492754,
    "ex_SO": -0.7083333333333333,
    "SO_female": -0.5,
    "SO_any": -0.125,
    "nurse": 0.8333333333333334,
    "friend": -0.02631578947368421,
    "therapist": 0.3333333333333333,
    "SO_male": 0.0,
    "SO_neutral": 0.0
}