{
    "family": 0.28086419753086417,
    "doctor": 0.5,
    "medical_prof": 0.20833333333333331,
    "narrator": 0.3142322097378277,
    "ED": 0.6666666666666666,
    "reader": 0.1275862068965517,
    "SO_male": 0.5,
    "SO_any": 0.5833333333333334,
    "friend": 0.3333333333333333,
    "food": 0.5294117647058824,
    "therapist": -0.3333333333333333,
    "ex_SO": 0.5,
    "SO_neutral": 1.0
}