{
    "family": 0.2796296296296296,
    "doctor": 0.3,
    "medical_prof": 0.08333333333333333,
    "narrator": 0.11329077583208451,
    "ED": 0.6296296296296295,
    "reader": 0.13708103931227658,
    "SO_male": 0.5,
    "SO_any": 0.5833333333333334,
    "friend": 0.2916666666666667,
    "food": 0.1937675070028011,
    "therapist": -0.3333333333333333,
    "ex_SO": 0.4,
    "SO_neutral": 1.0
}