{
    "narrator": -0.2594611174429286,
    "reader": 0.3892562822230342,
    "food": -0.6922433035714286,
    "family": -0.04623655913978495,
    "doctor": 0.4,
    "medical_prof": 0.5666666666666667,
    "ED": -0.6703703703703704,
    "ex_SO": -0.7555555555555556,
    "SO_female": -1.0,
    "SO_any": -0.3333333333333333,
    "nurse": 0.8333333333333334,
    "therapist": 1.0,
    "friend": -0.045454545454545456,
    "SO_male": 0.0
}