{
    "friend": -0.32142857142857145,
    "narrator": -0.2890182614320545,
    "food": -0.7729166666666667,
    "family": 0.525,
    "reader": -0.25892857142857145,
    "ex_SO": 0.15,
    "ED": -0.6,
    "doctor": -0.3333333333333333,
    "medical_prof": -0.5,
    "SO_neutral": 0.3333333333333333,
    "SO_any": -0.1111111111111111,
    "therapist": -0.75,
    "SO_male": -0.4259259259259259,
    "SO_female": 0.5
}