{
    "reader": 0.149066273086936,
    "narrator": 0.11312926546070994,
    "family": 0.3332394606588155,
    "food": 0.3182539682539683,
    "ED": 0.5774011299435028,
    "therapist": -0.25,
    "medical_prof": 0.17380952380952383,
    "SO_male": 0.38461538461538464,
    "SO_any": 0.2971014492753623,
    "ex_SO": 0.22222222222222224,
    "SO_female": 0.3095238095238095,
    "friend": 0.14516129032258066,
    "doctor": 0.5617283950617284,
    "SO_neutral": 0.07692307692307693
}