{
    "reader": 0.3042814978831686,
    "narrator": -0.2910809745714597,
    "family": 0.06811861695582626,
    "ED": -0.5392918825561314,
    "ex_SO": -0.6394557823129252,
    "food": -0.601900921658986,
    "therapist": -0.18666666666666668,
    "medical_prof": -0.1858974358974359,
    "nurse": 0.05,
    "SO_male": 0.22777777777777775,
    "SO_any": 0.11693121693121694,
    "doctor": -0.1871794871794872,
    "SO_neutral": 0.03125,
    "SO_female": -0.11111111111111112,
    "friend": -0.16666666666666669
}