{
    "reader": 0.18541465048760514,
    "narrator": 0.3070559610705596,
    "family": 0.41935483870967744,
    "food": 0.5238095238095238,
    "ED": 0.7796610169491526,
    "therapist": -0.25,
    "medical_prof": 0.1904761904761905,
    "SO_male": 0.38461538461538464,
    "SO_any": 0.30434782608695654,
    "ex_SO": 0.26666666666666666,
    "SO_female": 0.42857142857142855,
    "friend": 0.16129032258064516,
    "doctor": 0.617283950617284,
    "SO_neutral": 0.07692307692307693
}