{
    "reader": 0.3686796984933631,
    "narrator": -0.34703634638228403,
    "family": 0.09763668430335096,
    "ED": -0.5626126126126126,
    "ex_SO": -0.7121212121212122,
    "food": -0.6271908763505403,
    "therapist": -0.3888888888888889,
    "medical_prof": -0.30982905982905984,
    "nurse": 0.08333333333333333,
    "SO_male": 0.3416666666666666,
    "SO_any": 0.1796747967479675,
    "doctor": -0.2644927536231884,
    "SO_female": -0.16666666666666666,
    "friend": -0.2427536231884058,
    "SO_neutral": 0.05
}