{
    "narrator": 0.4125683060109289,
    "doctor": 0.8333333333333333,
    "medical_prof": 0.8666666666666666,
    "ED": 0.7894736842105263,
    "reader": 0.19671143250688708,
    "family": 0.6875,
    "food": 0.3333333333333333,
    "SO_neutral": -1.0,
    "SO_any": -0.16666666666666666,
    "therapist": 1.0,
    "SO_male": 0.25,
    "friend": 0.2,
    "ex_SO": 0.0
}