{
    "narrator": 0.17731348796922566,
    "doctor": 0.7083333333333333,
    "medical_prof": 0.7833333333333333,
    "ED": 0.5789473684210527,
    "reader": 0.12667011019283744,
    "family": 0.5044642857142857,
    "food": 0.08,
    "SO_neutral": -1.0,
    "SO_any": -0.16666666666666666,
    "therapist": 1.0,
    "SO_male": 0.25,
    "friend": 0.2,
    "ex_SO": 0.0
}