{
    "food": -0.5850829725829725,
    "narrator": -0.15746285035252644,
    "ED": -0.22606837606837607,
    "doctor": 0.022222222222222202,
    "medical_prof": -0.08333333333333331,
    "reader": 0.3145604986030518,
    "ex_SO": -0.5416666666666666,
    "family": 0.3286749482401657,
    "SO_neutral": 0.0,
    "SO_any": 0.42857142857142855,
    "therapist": -0.3333333333333333,
    "friend": 0.05128205128205129,
    "SO_female": 1.0,
    "SO_male": 0.5
}