{
    "food": -0.6330405932864949,
    "narrator": -0.18609245950753125,
    "ED": -0.23201754385964912,
    "reader": 0.3438219403335682,
    "ex_SO": -0.5909090909090909,
    "family": 0.3978696741854637,
    "SO_neutral": 0.0,
    "SO_any": 0.5,
    "doctor": 0.030303030303030297,
    "medical_prof": -0.11538461538461536,
    "friend": 0.06666666666666668,
    "SO_female": 1.0,
    "SO_male": 0.6666666666666666,
    "therapist": -1.0
}