{
    "doctor": 0.5082304526748971,
    "medical_prof": 0.5023809523809523,
    "ex_SO": 0.39090909090909093,
    "narrator": 0.14880090435433946,
    "reader": 0.07996348339881827,
    "SO_male": 0.35347985347985345,
    "SO_any": 0.3085241730279898,
    "friend": 0.43714859437751,
    "food": 0.35333333333333333,
    "family": 0.3293442932728647,
    "ED": 0.6147342995169083,
    "therapist": 0.5235008818342152,
    "SO_neutral": 0.24099099099099097,
    "SO_female": -0.16666666666666666,
    "nurse": 0.5
}