{
    "narrator": -0.3518001193351245,
    "doctor": -0.33865248226950356,
    "medical_prof": -0.2582220738762795,
    "SO_neutral": -0.16025641025641027,
    "SO_any": 0.1140710382513661,
    "ex_SO": -0.6153581267217632,
    "friend": -0.24512195121951222,
    "food": -0.6543876925770308,
    "reader": 0.37901258416132555,
    "ED": -0.5912247474747474,
    "SO_male": 0.2713675213675214,
    "family": -0.07057799895914652,
    "therapist": -0.1619981325863679,
    "nurse": -0.11363636363636363,
    "SO_female": -0.3
}