{
    "narrator": -0.31503303919408526,
    "doctor": -0.2638121546961326,
    "medical_prof": -0.17825652841781875,
    "SO_neutral": -0.10964912280701757,
    "SO_any": 0.07907196969696968,
    "ex_SO": -0.5535935563816604,
    "friend": -0.1827272727272727,
    "food": -0.615894298896029,
    "reader": 0.32732904995750844,
    "SO_male": 0.18731563421828906,
    "family": -0.05432502128085723,
    "ED": -0.5738357843137254,
    "therapist": -0.08261904761904763,
    "nurse": -0.08064516129032258,
    "SO_female": -0.1875
}