{
    "doctor": 0.5967078189300411,
    "medical_prof": 0.5928874734607219,
    "ex_SO": 0.5272727272727272,
    "narrator": 0.3598545983278808,
    "reader": 0.090338863087131,
    "SO_male": 0.38461538461538464,
    "SO_any": 0.3486005089058524,
    "friend": 0.5,
    "food": 0.61875,
    "family": 0.36500000000000005,
    "ED": 0.7391304347826086,
    "therapist": 0.5787037037037037,
    "SO_neutral": 0.3018018018018018,
    "SO_female": -0.16666666666666666,
    "nurse": 0.5333333333333333
}