{
    "narrator": 0.36981362063541995,
    "family": 0.45143993991287706,
    "ED": 0.6893939393939394,
    "reader": 0.17711361737677528,
    "friend": 0.45027210517011274,
    "SO_male": 0.4635481557737655,
    "SO_any": 0.38767367953147774,
    "food": 0.7367697594501719,
    "therapist": 0.47606382978723405,
    "medical_prof": 0.5116390306122449,
    "SO_female": 0.02888953152111047,
    "ex_SO": 0.5294532627865961,
    "doctor": 0.4391534391534392,
    "SO_neutral": 0.4620726495726496,
    "nurse": 1.0
}