{
    "narrator": 0.15656658663893516,
    "family": 0.3551581180520087,
    "ED": 0.491089466089466,
    "reader": 0.11786190107960443,
    "friend": 0.3469682491251133,
    "SO_male": 0.3678568442556965,
    "SO_any": 0.2980241161785778,
    "food": 0.39120847651775487,
    "therapist": 0.32978723404255317,
    "medical_prof": 0.4032419217687075,
    "SO_female": -0.0179563698442417,
    "ex_SO": 0.4372172379418756,
    "doctor": 0.3763227513227513,
    "SO_neutral": 0.3375,
    "nurse": 1.0
}