{
    "narrator": -0.28710433728034246,
    "family": 0.10461857749238407,
    "ED": -0.7404151404151403,
    "reader": 0.41099065940196544,
    "friend": 0.028908021013771327,
    "ex_SO": -0.4965099755317146,
    "food": -0.638828090269606,
    "SO_male": 0.1345190789932323,
    "SO_any": 0.11561618593587902,
    "therapist": -0.09297188755020079,
    "medical_prof": -0.09012326169405814,
    "doctor": -0.12288647342995171,
    "SO_female": 0.21147274800393892,
    "SO_neutral": -0.19743589743589746,
    "nurse": 0.35
}