{
    "narrator": -0.3147946033124567,
    "family": 0.130176861896061,
    "ED": -0.7621281943862588,
    "reader": 0.48528051620348683,
    "friend": 0.03892727829695344,
    "ex_SO": -0.551677750590794,
    "food": -0.6708800186741363,
    "SO_male": 0.20177861848984843,
    "SO_any": 0.1592671949116701,
    "doctor": -0.17129629629629628,
    "medical_prof": -0.13225881261595546,
    "SO_female": 0.24319366020452976,
    "therapist": -0.16775362318840578,
    "nurse": 0.35,
    "SO_neutral": -0.21388888888888888
}