{
    "family": -0.4047619047619048,
    "narrator": 0.061111111111111116,
    "food": -0.5,
    "reader": 0.18666666666666665,
    "doctor": 1.0,
    "medical_prof": 1.0,
    "ED": -1.0
}