{
    "narrator": 0.3698976195878851,
    "SO_female": 0.0625,
    "SO_any": 0.40954953951277484,
    "friend": 0.3885936335051379,
    "SO_male": 0.40530303030303033,
    "family": 0.4698642686074962,
    "food": 0.5,
    "reader": 0.17095532117208417,
    "SO_neutral": 0.5863425925925926,
    "ED": 0.6531391402714932,
    "ex_SO": 0.5923477564102564,
    "doctor": 0.3163265306122449,
    "medical_prof": 0.3928380187416332,
    "therapist": 0.43057644110275684,
    "nurse": 0.5277777777777778
}