{
    "narrator": -0.2798085960730382,
    "SO_female": 0.10572196620583717,
    "SO_any": 0.19112196765498654,
    "friend": 0.025465612598585013,
    "food": -0.5816225886889699,
    "SO_male": 0.24513305322128853,
    "family": 0.09779927751952171,
    "reader": 0.32983629075800336,
    "ex_SO": -0.4645747316267547,
    "SO_neutral": 0.03086080586080586,
    "doctor": -0.19462647444298822,
    "medical_prof": -0.12329556588815849,
    "ED": -0.43287004456955197,
    "therapist": -0.05226244343891402,
    "nurse": -0.1794871794871795
}