{
    "narrator": 0.16070630767918184,
    "SO_female": 0.009546850998463901,
    "SO_any": 0.34733157467532466,
    "friend": 0.33505656328469857,
    "SO_male": 0.3648051948051948,
    "family": 0.3732430817960289,
    "food": 0.2826122425554244,
    "reader": 0.12114373757343387,
    "SO_neutral": 0.4725198412698413,
    "ED": 0.5396533613445378,
    "ex_SO": 0.4669642857142857,
    "doctor": 0.26584062196307096,
    "medical_prof": 0.3121872772475182,
    "therapist": 0.3249212775528565,
    "nurse": 0.287037037037037
}