{
    "narrator": -0.3152311736610079,
    "SO_female": 0.10572196620583717,
    "SO_any": 0.23021509740259738,
    "friend": 0.03163306564980482,
    "food": -0.609008405645177,
    "SO_male": 0.2924394319131161,
    "family": 0.11523635800749844,
    "reader": 0.39397112507205956,
    "ex_SO": -0.5218923933209648,
    "doctor": -0.26517857142857143,
    "medical_prof": -0.16784774515866954,
    "SO_neutral": 0.04223057644110278,
    "ED": -0.45062881562881557,
    "therapist": -0.0846153846153846,
    "nurse": -0.1794871794871795
}