{
    "narrator": -0.13999999999999999,
    "food": -0.5,
    "family": -0.035714285714285726,
    "reader": 0.18666666666666665,
    "doctor": 1.0,
    "medical_prof": 1.0,
    "ED": -1.0
}