{
    "family": 0.2619047619047619,
    "narrator": 0.2791666666666667,
    "doctor": 1.0,
    "medical_prof": 1.0,
    "reader": -0.033333333333333326
}