{
    "family": -0.02380952380952382,
    "narrator": -0.11666666666666665,
    "food": -0.5,
    "reader": 0.18666666666666665,
    "doctor": 1.0,
    "medical_prof": 1.0,
    "ED": -1.0
}