{
    "narrator": -0.2771879786965384,
    "SO_female": 0.225,
    "SO_any": 0.15912698412698414,
    "friend": -0.028871391076115485,
    "food": -0.6087429188957574,
    "SO_male": 0.23202614379084968,
    "family": 0.08628205128205127,
    "reader": 0.3439661548249864,
    "ex_SO": -0.5281186094069529,
    "doctor": -0.19230769230769232,
    "medical_prof": -0.13504072681704263,
    "SO_neutral": -0.05072463768115942,
    "ED": -0.4721666666666667,
    "therapist": -0.007222222222222226,
    "nurse": -0.38461538461538464
}