{
    "narrator": 0.16288490579476939,
    "SO_female": -0.16666666666666666,
    "SO_any": 0.47916666666666663,
    "friend": 0.46271929824561403,
    "reader": 0.12532425970626568,
    "SO_male": 0.5641025641025641,
    "family": 0.3987796123474516,
    "food": 0.2979940247545882,
    "ED": 0.5466101694915254,
    "therapist": 0.55,
    "medical_prof": 0.41819474058280026,
    "ex_SO": 0.44819819819819817,
    "SO_neutral": 0.5350877192982456,
    "doctor": 0.3416666666666667,
    "nurse": 0.5
}