{
    "narrator": 0.3666757197175448,
    "SO_female": -0.16666666666666666,
    "SO_any": 0.5234375,
    "friend": 0.48464912280701755,
    "reader": 0.16935021396228295,
    "SO_male": 0.5897435897435898,
    "family": 0.4752931323283083,
    "food": 0.45774647887323944,
    "ED": 0.6101694915254238,
    "therapist": 0.6666666666666667,
    "medical_prof": 0.48009950248756217,
    "ex_SO": 0.5135135135135135,
    "SO_neutral": 0.6052631578947368,
    "doctor": 0.4,
    "nurse": 0.5
}