{
    "narrator": -0.3185822011788754,
    "SO_female": 0.25,
    "SO_any": 0.2191256830601093,
    "friend": -0.03859649122807017,
    "food": -0.6438897386934338,
    "SO_male": 0.31981981981981983,
    "reader": 0.415131566168087,
    "ex_SO": -0.6019813519813519,
    "doctor": -0.2702702702702703,
    "medical_prof": -0.20322960867515322,
    "SO_neutral": -0.07777777777777777,
    "ED": -0.4918402777777778,
    "therapist": -0.015476190476190452,
    "family": 0.10733652312599683,
    "nurse": -0.5555555555555556
}