{"lack": 0.5313814286074958, "fairness": 0.5281592708437655, "go": 0.6500473563162751, "creative": 0.5635316971968533, "hate": 0.4241782788060906, "apartment": 0.5175857759127631, "burnout": 0.5729595675308804, "father": 0.5136853653655232, "finally": 0.5301247972372927, "saw": 0.5147327510182058, "sorry": 0.5148395668970895, "advantage": 0.5291214831745535, "fat": 0.5289338453598167, "every": 0.5159943433045159, "drinking": 0.5135706572763128, "entire": 0.5453104444123726, "school": 0.5157082088106166, "heaven": 0.5184942482139109, "brother": 0.5169878500737554, "try": 0.5549468386028924, "dealt": 0.5560270858230482, "clothes": 0.5138466099174044, "force": 0.5807146621478853, "battle": 0.5229797769065619, "even": 0.515814261390944, "sun": 0.5158634538964746, "section": 0.5130558936897659, "new": 0.5, "ever": 0.5144447654103679, "body": 0.5342836455695182, "loose": 0.5302506607302571, "let": 0.5675817186234703, "others": 0.6582121615345515, "strong": 0.5249283426284352, "great": 0.5157717816709779, "healthy": 0.5939150021530191, "drs": 0.5135671192561583, "guilty": 0.5959731877903754, "credit": 0.5141019376142618, "amount": 0.5278910331449539, "usually": 0.5322546283060908, "punishment": 0.5136182599801458, "love": 0.6493252176585765, "family": 0.5430252099794234, "win": 0.5150840727387302, "grade": 0.5140500011729019, "put": 0.5207144497240846, "eye": 0.663524396724179, "would": 0.5216679352929924, "hospital": 0.5309860519785495, "two": 0.5136436215928634, "live": 0.5145629106963303, "tell": 0.5, "today": 0.5139796837249947, "adult": 0.5647753284505329, "topic": 0.5237409874731097, "car": 0.5192830574004388, "work": 0.6202926232270438, "obvious": 0.5134924661267968, "thin": 0.5215296546534183, "example": 0.5160222131615375, "give": 0.5115289231549963, "share": 0.6647789438923233, "high": 0.5145162002003859, "something": 0.6458802840529909, "want": 0.5319430725440665, "information": 0.5115296186288149, "end": 0.5191810744554898, "recovery": 0.7604617613662451, "toxic": 0.5158422740031162, "beach": 0.5350559786963734, "mess": 0.5138734291925952, "advice": 0.5275271032159856, "abuse": 0.5291908873004024, "tomato": 0.5143095368283196, "imagery": 0.5272408367534273, "conscious": 0.5452540665364102, "subreddits": 0.62414485823026, "appreciate": 0.649057794430074, "corona": 0.5177450639323211, "ibiza": 0.572085914344293, "dread": 0.5134085390300032, "allow": 0.5349603525289667, "talk": 0.5159542810919429, "help": 0.6523031938440842, "course": 0.5366554013599759, "still": 0.6336255627139026, "trouble": 0.5537937930639868, "perfect": 0.512762512533307, "group": 0.5359190233935192, "thank": 0.513529192178639, "somewhere": 0.5684339162163956, "actually": 0.5226788855046519, "platform": 0.5146425149170134, "lt": 0.5135605958331878, "holiday": 0.5143689158765735, "might": 0.5, "good": 0.5199658974006335, "food": 0.5278770476787796, "safe": 0.5196673215170814, "introduce": 0.5, "break": 0.5704935639232767, "mention": 0.5422830451889393, "kid": 0.5274411381485284, "half": 0.5294096036609959, "one": 0.5297340714159164, "bullshit": 0.513373895801721, "name": 0.512410809697813, "always": 0.5612125609548296, "em": 0.5160308589937128, "everyone": 0.5124077000622365, "weight": 0.6048071328024648, "hard": 0.6300550161560118, "idea": 0.5, "related": 0.5147605801233557, "year": 0.5452714140495923, "really": 0.648090718568637, "leave": 0.5242159669936015, "gon": 0.5309150498604841, "since": 0.5239263764035028, "may": 0.5228999376579351, "health": 0.5304543802615547, "cause": 0.5207003234861464, "shit": 0.528697236879334, "little": 0.5, "free": 0.6499503291683719, "reason": 0.5292799244236085, "struggle": 0.6019371677046987, "ask": 0.5135743155087539, "care": 0.5132919577997713, "flare": 0.5213256429681328, "could": 0.6689944343920821, "running": 0.5444290463456865, "covid": 0.5201365022999038, "keep": 0.5380776369135881, "thing": 0.5188194103071109, "place": 0.6668060712611339, "think": 0.5, "first": 0.514616682283435, "already": 0.5794491238941176, "feel": 0.5583601838601578, "hearing": 0.5324459011063956, "rant": 0.3005097953400266, "specifically": 0.5300008230787576, "delicious": 0.5336975602553532, "tomorrow": 0.534184068894129, "guess": 0.5294080571204797, "introduction": 0.51140463139978, "euphoric": 0.5229568821550832, "realistically": 0.5781449904519759, "anyone": 0.5130495005266696, "wonderful": 0.6031638966694207, "perfectly": 0.5901501686314983, "lot": 0.6199464091790269, "mostly": 0.5603822896593198, "helpful": 0.5118037205309964, "kind": 0.5247338441868348, "unfortunately": 0.5667511294220128, "guilt": 0.30930292770194284, "bisexual": 0.5130401741940047, "say": 0.5161633541515531, "substantial": 0.5557568489116379, "ans": 0.5484170127941169, "need": 0.6581238611913792, "seek": 0.5875617181089765, "clearly": 0.5133375877495298, "afraid": 0.6170468040026458, "relationship": 0.5143749063930775, "able": 0.5305070233841217, "aside": 0.5207356562053823, "also": 0.5384428473168067, "niece": 0.514238416234887, "finding": 0.5297296920843079, "normal": 0.5771268453733039, "track": 0.6462440845380937, "reach": 0.6359887033840187, "plan": 0.515745155996427, "significant": 0.5686866017116148, "panic": 0.5135483318002582, "responder": 0.5174384921593091, "fact": 0.5255511796302565, "sexist": 0.5141511323217515, "subreddit": 0.5124468282111252, "participate": 0.511528519146703, "find": 0.6183383813728178, "grotesque": 0.5734233422709718, "enough": 0.5691723656286753, "hope": 0.5382155972442692, "dodge": 0.5141613934387635, "get": 0.5398370871294379, "stop": 0.5732018365976406, "despite": 0.5135009613961078, "officially": 0.5134432742462759, "bad": 0.6488138095927787, "though": 0.6340349363032662, "relapse": 0.38766920894995505, "view": 0.5184225950172364, "artsy": 0.513262988344066, "see": 0.5234915024893583, "dumb": 0.5150274582374447, "please": 0.6024062224948864, "outside": 0.5411796278918164, "unable": 0.5161358272175253, "various": 0.544797888844954, "hopefully": 0.65251721511621, "mum": 0.5145610061846935, "reddit": 0.5160857226478768, "recently": 0.5165074519517527, "restricting": 0.5467461553065922, "job": 0.5161306863665877, "extent": 0.5318905522746954, "come": 0.5239981497800064, "accident": 0.5729098013803136, "many": 0.6459778637417387, "taking": 0.5257376752229725, "etc": 0.5729643797711635, "whole": 0.5253368297595039, "among": 0.5331745284838392, "community": 0.5, "walk": 0.5709512787493563, "poll": 0.5135611212205193, "runaway": 0.5141363838501396, "binge": 0.5620479176425098, "three": 0.5354052065757894, "quickly": 0.5323670042358162, "much": 0.5165560222063165, "wowzers": 0.5214243200623737, "interest": 0.5251235078616441, "life": 0.5897088060808768, "drugs": 0.5140149496932447, "psychotherapist": 0.5129282507541886, "else": 0.5164507900164246, "whatever": 0.5151805058079201, "understand": 0.5356169573952618, "safespace": 0.6498154479715714, "personally": 0.513919613974902, "look": 0.5435554316883575, "bikini": 0.5224255317370521, "fun": 0.5, "middle": 0.5221330110063304, "someone": 0.515549513647228, "im": 0.5160804644251006, "ready": 0.6653554014734836, "technology": 0.5477815376790544, "worry": 0.5328832576451278, "different": 0.6166227947530722, "things": 0.5411129037270492, "make": 0.537588966793303, "split": 0.5131276444629431, "week": 0.5324004434178462, "overweight": 0.5160561114697172, "yesterday": 0.5152905600952871, "moment": 0.5136348921381592, "cucumber": 0.5246738103314104, "cycle": 0.5929564914923996, "well": 0.6463547170609281, "thought": 0.5221628254239988, "person": 0.5941211045370945, "severe": 0.5183544976765478, "without": 0.5884432966494232, "mother": 0.6149884608616167, "darn": 0.548203786019367, "vent": 0.5169476406798261, "money": 0.513272777760512, "inactive": 0.5189377903850056, "amp": 0.511530271573661, "thinspo": 0.5135479949328043, "except": 0.5137772062501202, "day": 0.5302982571773742, "add": 0.5145785781356701, "snap": 0.5442522951737423, "take": 0.5249070501756391, "real": 0.5217677481673664,