{
    "food": 0.20596581441529177,
    "therapist": 0.3468193412525396,
    "medical_prof": 0.3940518160126003,
    "narrator": 0.14509705468140022,
    "reader": 0.1442060946398979,
    "SO_male": 0.30743324106979864,
    "SO_any": 0.2695986936454589,
    "friend": 0.28896454949054723,
    "ED": 0.43397309969092146,
    "ex_SO": 0.30530059898595663,
    "family": 0.32784232794746165,
    "SO_female": 0.12683793121249703,
    "doctor": 0.4144728633811603,
    "SO_neutral": 0.26890971598514635,
    "nurse": 0.44680851063829785
}