{
    "food": -0.5877517551560615,
    "therapist": -0.1593969359401458,
    "medical_prof": -0.10306180704445689,
    "narrator": -0.27011488695291547,
    "reader": 0.3753198014803381,
    "ED": -0.5558717480602464,
    "ex_SO": -0.4721814853613908,
    "family": 0.04642480221765143,
    "SO_female": 0.14597568382372592,
    "SO_any": 0.12744025341620577,
    "friend": -0.013667873171425099,
    "SO_male": 0.16237021124806808,
    "doctor": -0.10610698824984541,
    "SO_neutral": 0.0005476121558137242,
    "nurse": 0.028703703703703697
}