{
    "ED": 0.0,
    "narrator": -0.18333333333333335,
    "food": -1.0,
    "ex_SO": -1.0,
    "reader": 0.6666666666666666
}