{
    "friend": 0.0,
    "narrator": -0.36865701348459967,
    "food": -0.7666666666666666,
    "family": 0.5455555555555556,
    "reader": -0.22727272727272727,
    "ED": -0.6,
    "doctor": -0.3333333333333333,
    "medical_prof": -0.2,
    "SO_neutral": 0.3333333333333333,
    "SO_any": 0.1388888888888889,
    "therapist": 0.0,
    "SO_male": -0.0925925925925926,
    "ex_SO": -0.19999999999999998,
    "SO_female": 0.5
}