{
    "friend": 0.9285714285714285,
    "family": 0.641025641025641,
    "reader": -0.3541666666666667,
    "narrator": 0.12962962962962965,
    "SO_neutral": 1.0,
    "SO_any": 0.7583333333333333,
    "therapist": 1.0,
    "medical_prof": 1.0,
    "SO_male": 0.7666666666666666,
    "ex_SO": 1.0,
    "doctor": 1.0,
    "SO_female": 0.5,
    "food": 1.0,
    "ED": 0.5
}