{
    "friend": 0.7976190476190476,
    "family": 0.5461538461538461,
    "reader": -0.3080357142857143,
    "narrator": -0.009124579124579124,
    "SO_neutral": 1.0,
    "SO_any": 0.6365740740740741,
    "therapist": 1.0,
    "medical_prof": 1.0,
    "SO_male": 0.6481481481481481,
    "ex_SO": 0.75,
    "doctor": 1.0,
    "SO_female": 0.5,
    "food": 0.2,
    "ED": 0.5
}