{
    "food": -0.8761904761904761,
    "family": 0.5845238095238096,
    "narrator": -0.39596494040938485,
    "reader": -0.25,
    "ED": -0.6,
    "doctor": -0.3333333333333333,
    "medical_prof": -0.3333333333333333,
    "SO_neutral": 0.3333333333333333,
    "SO_any": 0.1851851851851852,
    "SO_male": -0.1388888888888889,
    "ex_SO": -0.3,
    "friend": 0.0,
    "SO_female": 0.5
}